season,week,gameday,weekday,gametime,home_team,away_team,location
2020,1,2020-09-10,Thursday,20:20,KC,HOU,Home
2020,1,2020-09-13,Sunday,13:00,ATL,SEA,Home
2020,1,2020-09-13,Sunday,13:00,BAL,CLE,Home
2020,1,2020-09-13,Sunday,13:00,BUF,NYJ,Home
2020,1,2020-09-13,Sunday,13:00,CAR,LV,Home
2020,1,2020-09-13,Sunday,13:00,DET,CHI,Home
2020,1,2020-09-13,Sunday,13:00,JAX,IND,Home
2020,1,2020-09-13,Sunday,13:00,MIN,GB,Home
2020,1,2020-09-13,Sunday,13:00,NE,MIA,Home
2020,1,2020-09-13,Sunday,13:00,WAS,PHI,Home
2020,1,2020-09-13,Sunday,16:05,CIN,LAC,Home
2020,1,2020-09-13,Sunday,16:25,NO,TB,Home
2020,1,2020-09-13,Sunday,16:25,SF,ARI,Home
2020,1,2020-09-13,Sunday,20:20,LA,DAL,Home
2020,1,2020-09-14,Monday,19:15,NYG,PIT,Home
2020,1,2020-09-14,Monday,22:10,DEN,TEN,Home
2020,2,2020-09-17,Thursday,20:20,CLE,CIN,Home
2020,2,2020-09-20,Sunday,13:00,CHI,NYG,Home
2020,2,2020-09-20,Sunday,13:00,DAL,ATL,Home
2020,2,2020-09-20,Sunday,13:00,GB,DET,Home
2020,2,2020-09-20,Sunday,13:00,IND,MIN,Home
2020,2,2020-09-20,Sunday,13:00,MIA,BUF,Home
2020,2,2020-09-20,Sunday,13:00,NYJ,SF,Home
2020,2,2020-09-20,Sunday,13:00,PHI,LA,Home
2020,2,2020-09-20,Sunday,13:00,PIT,DEN,Home
2020,2,2020-09-20,Sunday,13:00,TB,CAR,Home
2020,2,2020-09-20,Sunday,13:00,TEN,JAX,Home
2020,2,2020-09-20,Sunday,16:05,ARI,WAS,Home
2020,2,2020-09-20,Sunday,16:25,HOU,BAL,Home
2020,2,2020-09-20,Sunday,16:25,LAC,KC,Home
2020,2,2020-09-20,Sunday,20:20,SEA,NE,Home
2020,2,2020-09-21,Monday,20:15,LV,NO,Home
2020,3,2020-09-24,Thursday,20:20,JAX,MIA,Home
2020,3,2020-09-27,Sunday,13:00,ATL,CHI,Home
2020,3,2020-09-27,Sunday,13:00,BUF,LA,Home
2020,3,2020-09-27,Sunday,13:00,CLE,WAS,Home
2020,3,2020-09-27,Sunday,13:00,MIN,TEN,Home
2020,3,2020-09-27,Sunday,13:00,NE,LV,Home
2020,3,2020-09-27,Sunday,13:00,NYG,SF,Home
2020,3,2020-09-27,Sunday,13:00,PHI,CIN,Home
2020,3,2020-09-27,Sunday,13:00,PIT,HOU,Home
2020,3,2020-09-27,Sunday,16:05,IND,NYJ,Home
2020,3,2020-09-27,Sunday,16:05,LAC,CAR,Home
2020,3,2020-09-27,Sunday,16:25,ARI,DET,Home
2020,3,2020-09-27,Sunday,16:25,DEN,TB,Home
2020,3,2020-09-27,Sunday,16:25,SEA,DAL,Home
2020,3,2020-09-27,Sunday,20:20,NO,GB,Home
2020,3,2020-09-28,Monday,20:15,BAL,KC,Home
2020,4,2020-10-01,Thursday,20:20,NYJ,DEN,Home
2020,4,2020-10-04,Sunday,13:00,CAR,ARI,Home
2020,4,2020-10-04,Sunday,13:00,CIN,JAX,Home
2020,4,2020-10-04,Sunday,13:00,DAL,CLE,Home
2020,4,2020-10-04,Sunday,13:00,DET,NO,Home
2020,4,2020-10-04,Sunday,13:00,HOU,MIN,Home
2020,4,2020-10-04,Sunday,13:00,MIA,SEA,Home
2020,4,2020-10-04,Sunday,13:00,TB,LAC,Home
2020,4,2020-10-04,Sunday,13:00,WAS,BAL,Home
2020,4,2020-10-04,Sunday,16:05,LA,NYG,Home
2020,4,2020-10-04,Sunday,16:25,CHI,IND,Home
2020,4,2020-10-04,Sunday,16:25,LV,BUF,Home
2020,4,2020-10-04,Sunday,20:20,SF,PHI,Home
2020,4,2020-10-05,Monday,19:05,KC,NE,Home
2020,4,2020-10-05,Monday,21:00,GB,ATL,Home
2020,5,2020-10-08,Thursday,20:20,CHI,TB,Home
2020,5,2020-10-11,Sunday,13:00,ATL,CAR,Home
2020,5,2020-10-11,Sunday,13:00,BAL,CIN,Home
2020,5,2020-10-11,Sunday,13:00,HOU,JAX,Home
2020,5,2020-10-11,Sunday,13:00,KC,LV,Home
2020,5,2020-10-11,Sunday,13:00,NYJ,ARI,Home
2020,5,2020-10-11,Sunday,13:00,PIT,PHI,Home
2020,5,2020-10-11,Sunday,13:00,WAS,LA,Home
2020,5,2020-10-11,Sunday,16:05,SF,MIA,Home
2020,5,2020-10-11,Sunday,16:25,CLE,IND,Home
2020,5,2020-10-11,Sunday,16:25,DAL,NYG,Home
2020,5,2020-10-11,Sunday,20:20,SEA,MIN,Home
2020,5,2020-10-12,Monday,20:15,NO,LAC,Home
2020,5,2020-10-13,Tuesday,19:00,TEN,BUF,Home
2020,6,2020-10-18,Sunday,13:00,CAR,CHI,Home
2020,6,2020-10-18,Sunday,13:00,IND,CIN,Home
2020,6,2020-10-18,Sunday,13:00,JAX,DET,Home
2020,6,2020-10-18,Sunday,13:00,MIN,ATL,Home
2020,6,2020-10-18,Sunday,13:00,NE,DEN,Home
2020,6,2020-10-18,Sunday,13:00,NYG,WAS,Home
2020,6,2020-10-18,Sunday,13:00,PHI,BAL,Home
2020,6,2020-10-18,Sunday,13:00,PIT,CLE,Home
2020,6,2020-10-18,Sunday,13:00,TEN,HOU,Home
2020,6,2020-10-18,Sunday,16:05,MIA,NYJ,Home
2020,6,2020-10-18,Sunday,16:25,TB,GB,Home
2020,6,2020-10-18,Sunday,20:20,SF,LA,Home
2020,6,2020-10-19,Monday,17:00,BUF,KC,Home
2020,6,2020-10-19,Monday,20:15,DAL,ARI,Home
2020,7,2020-10-22,Thursday,20:20,PHI,NYG,Home
2020,7,2020-10-25,Sunday,13:00,ATL,DET,Home
2020,7,2020-10-25,Sunday,13:00,CIN,CLE,Home
2020,7,2020-10-25,Sunday,13:00,HOU,GB,Home
2020,7,2020-10-25,Sunday,13:00,NO,CAR,Home
2020,7,2020-10-25,Sunday,13:00,NYJ,BUF,Home
2020,7,2020-10-25,Sunday,13:00,TEN,PIT,Home
2020,7,2020-10-25,Sunday,13:00,WAS,DAL,Home
2020,7,2020-10-25,Sunday,16:05,LV,TB,Home
2020,7,2020-10-25,Sunday,16:25,DEN,KC,Home
2020,7,2020-10-25,Sunday,16:25,LAC,JAX,Home
2020,7,2020-10-25,Sunday,16:25,NE,SF,Home
2020,7,2020-10-25,Sunday,20:20,ARI,SEA,Home
2020,7,2020-10-26,Monday,20:15,LA,CHI,Home
2020,8,2020-10-29,Thursday,20:20,CAR,ATL,Home
2020,8,2020-11-01,Sunday,13:00,BAL,PIT,Home
2020,8,2020-11-01,Sunday,13:00,BUF,NE,Home
2020,8,2020-11-01,Sunday,13:00,CIN,TEN,Home
2020,8,2020-11-01,Sunday,13:00,CLE,LV,Home
2020,8,2020-11-01,Sunday,13:00,DET,IND,Home
2020,8,2020-11-01,Sunday,13:00,GB,MIN,Home
2020,8,2020-11-01,Sunday,13:00,KC,NYJ,Home
2020,8,2020-11-01,Sunday,13:00,MIA,LA,Home
2020,8,2020-11-01,Sunday,16:05,DEN,LAC,Home
2020,8,2020-11-01,Sunday,16:25,CHI,NO,Home
2020,8,2020-11-01,Sunday,16:25,SEA,SF,Home
2020,8,2020-11-01,Sunday,20:20,PHI,DAL,Home
2020,8,2020-11-02,Monday,20:15,NYG,TB,Home
2020,9,2020-11-05,Thursday,20:20,SF,GB,Home
2020,9,2020-11-08,Sunday,13:00,ATL,DEN,Home
2020,9,2020-11-08,Sunday,13:00,BUF,SEA,Home
2020,9,2020-11-08,Sunday,13:00,IND,BAL,Home
2020,9,2020-11-08,Sunday,13:00,JAX,HOU,Home
2020,9,2020-11-08,Sunday,13:00,KC,CAR,Home
2020,9,2020-11-08,Sunday,13:00,MIN,DET,Home
2020,9,2020-11-08,Sunday,13:00,TEN,CHI,Home
2020,9,2020-11-08,Sunday,13:00,WAS,NYG,Home
2020,9,2020-11-08,Sunday,16:05,LAC,LV,Home
2020,9,2020-11-08,Sunday,16:25,ARI,MIA,Home
2020,9,2020-11-08,Sunday,16:25,DAL,PIT,Home
2020,9,2020-11-08,Sunday,20:20,TB,NO,Home
2020,9,2020-11-09,Monday,20:15,NYJ,NE,Home
2020,10,2020-11-12,Thursday,20:20,TEN,IND,Home
2020,10,2020-11-15,Sunday,13:00,CAR,TB,Home
2020,10,2020-11-15,Sunday,13:00,CLE,HOU,Home
2020,10,2020-11-15,Sunday,13:00,DET,WAS,Home
2020,10,2020-11-15,Sunday,13:00,GB,JAX,Home
2020,10,2020-11-15,Sunday,13:00,NYG,PHI,Home
2020,10,2020-11-15,Sunday,16:05,ARI,BUF,Home
2020,10,2020-11-15,Sunday,16:05,LV,DEN,Home
2020,10,2020-11-15,Sunday,16:05,MIA,LAC,Home
2020,10,2020-11-15,Sunday,16:25,LA,SEA,Home
2020,10,2020-11-15,Sunday,16:25,NO,SF,Home
2020,10,2020-11-15,Sunday,16:25,PIT,CIN,Home
2020,10,2020-11-15,Sunday,20:20,NE,BAL,Home
2020,10,2020-11-16,Monday,20:15,CHI,MIN,Home
2020,11,2020-11-19,Thursday,20:20,SEA,ARI,Home
2020,11,2020-11-22,Sunday,13:00,BAL,TEN,Home
2020,11,2020-11-22,Sunday,13:00,CAR,DET,Home
2020,11,2020-11-22,Sunday,13:00,CLE,PHI,Home
2020,11,2020-11-22,Sunday,13:00,HOU,NE,Home
2020,11,2020-11-22,Sunday,13:00,JAX,PIT,Home
2020,11,2020-11-22,Sunday,13:00,NO,ATL,Home
2020,11,2020-11-22,Sunday,13:00,WAS,CIN,Home
2020,11,2020-11-22,Sunday,16:05,DEN,MIA,Home
2020,11,2020-11-22,Sunday,16:05,LAC,NYJ,Home
2020,11,2020-11-22,Sunday,16:25,IND,GB,Home
2020,11,2020-11-22,Sunday,16:25,MIN,DAL,Home
2020,11,2020-11-22,Sunday,20:20,LV,KC,Home
2020,11,2020-11-23,Monday,20:15,TB,LA,Home
2020,12,2020-11-26,Thursday,12:30,DET,HOU,Home
2020,12,2020-11-26,Thursday,16:30,DAL,WAS,Home
2020,12,2020-11-29,Sunday,13:00,ATL,LV,Home
2020,12,2020-11-29,Sunday,13:00,BUF,LAC,Home
2020,12,2020-11-29,Sunday,13:00,CIN,NYG,Home
2020,12,2020-11-29,Sunday,13:00,IND,TEN,Home
2020,12,2020-11-29,Sunday,13:00,JAX,CLE,Home
2020,12,2020-11-29,Sunday,13:00,MIN,CAR,Home
2020,12,2020-11-29,Sunday,13:00,NE,ARI,Home
2020,12,2020-11-29,Sunday,13:00,NYJ,MIA,Home
2020,12,2020-11-29,Sunday,16:05,DEN,NO,Home
2020,12,2020-11-29,Sunday,16:05,LA,SF,Home
2020,12,2020-11-29,Sunday,16:25,TB,KC,Home
2020,12,2020-11-29,Sunday,20:20,GB,CHI,Home
2020,12,2020-11-30,Monday,20:15,PHI,SEA,Home
2020,12,2020-12-02,Wednesday,15:40,PIT,BAL,Home
2020,13,2020-12-06,Sunday,13:00,ATL,NO,Home
2020,13,2020-12-06,Sunday,13:00,CHI,DET,Home
2020,13,2020-12-06,Sunday,13:00,HOU,IND,Home
2020,13,2020-12-06,Sunday,13:00,MIA,CIN,Home
2020,13,2020-12-06,Sunday,13:00,MIN,JAX,Home
2020,13,2020-12-06,Sunday,13:00,NYJ,LV,Home
2020,13,2020-12-06,Sunday,13:00,TEN,CLE,Home
2020,13,2020-12-06,Sunday,16:05,ARI,LA,Home
2020,13,2020-12-06,Sunday,16:05,SEA,NYG,Home
2020,13,2020-12-06,Sunday,16:25,GB,PHI,Home
2020,13,2020-12-06,Sunday,16:25,LAC,NE,Home
2020,13,2020-12-06,Sunday,20:20,KC,DEN,Home
2020,13,2020-12-07,Monday,17:00,PIT,WAS,Home
2020,13,2020-12-07,Monday,20:15,SF,BUF,Neutral
2020,13,2020-12-08,Tuesday,20:05,BAL,DAL,Home
2020,14,2020-12-10,Thursday,20:20,LA,NE,Home
2020,14,2020-12-13,Sunday,13:00,CAR,DEN,Home
2020,14,2020-12-13,Sunday,13:00,CHI,HOU,Home
2020,14,2020-12-13,Sunday,13:00,CIN,DAL,Home
2020,14,2020-12-13,Sunday,13:00,JAX,TEN,Home
2020,14,2020-12-13,Sunday,13:00,MIA,KC,Home
2020,14,2020-12-13,Sunday,13:00,NYG,ARI,Home
2020,14,2020-12-13,Sunday,13:00,TB,MIN,Home
2020,14,2020-12-13,Sunday,16:05,LV,IND,Home
2020,14,2020-12-13,Sunday,16:05,SEA,NYJ,Home
2020,14,2020-12-13,Sunday,16:25,DET,GB,Home
2020,14,2020-12-13,Sunday,16:25,LAC,ATL,Home
2020,14,2020-12-13,Sunday,16:25,PHI,NO,Home
2020,14,2020-12-13,Sunday,16:25,SF,WAS,Neutral
2020,14,2020-12-13,Sunday,20:20,BUF,PIT,Home
2020,14,2020-12-14,Monday,20:15,CLE,BAL,Home
2020,15,2020-12-17,Thursday,20:20,LV,LAC,Home
2020,15,2020-12-19,Saturday,16:30,DEN,BUF,Home
2020,15,2020-12-19,Saturday,20:15,GB,CAR,Home
2020,15,2020-12-20,Sunday,13:00,ATL,TB,Home
2020,15,2020-12-20,Sunday,13:00,BAL,JAX,Home
2020,15,2020-12-20,Sunday,13:00,DAL,SF,Home
2020,15,2020-12-20,Sunday,13:00,IND,HOU,Home
2020,15,2020-12-20,Sunday,13:00,MIA,NE,Home
2020,15,2020-12-20,Sunday,13:00,MIN,CHI,Home
2020,15,2020-12-20,Sunday,13:00,TEN,DET,Home
2020,15,2020-12-20,Sunday,13:00,WAS,SEA,Home
2020,15,2020-12-20,Sunday,16:05,ARI,PHI,Home
2020,15,2020-12-20,Sunday,16:05,LA,NYJ,Home
2020,15,2020-12-20,Sunday,16:25,NO,KC,Home
2020,15,2020-12-20,Sunday,20:20,NYG,CLE,Home
2020,15,2020-12-21,Monday,20:15,CIN,PIT,Home
2020,16,2020-12-25,Friday,16:30,NO,MIN,Home
2020,16,2020-12-26,Saturday,13:00,DET,TB,Home
2020,16,2020-12-26,Saturday,16:30,ARI,SF,Home
2020,16,2020-12-26,Saturday,20:15,LV,MIA,Home
2020,16,2020-12-27,Sunday,13:00,BAL,NYG,Home
2020,16,2020-12-27,Sunday,13:00,HOU,CIN,Home
2020,16,2020-12-27,Sunday,13:00,JAX,CHI,Home
2020,16,2020-12-27,Sunday,13:00,KC,ATL,Home
2020,16,2020-12-27,Sunday,13:00,NYJ,CLE,Home
2020,16,2020-12-27,Sunday,13:00,PIT,IND,Home
2020,16,2020-12-27,Sunday,16:05,LAC,DEN,Home
2020,16,2020-12-27,Sunday,16:05,WAS,CAR,Home
2020,16,2020-12-27,Sunday,16:25,DAL,PHI,Home
2020,16,2020-12-27,Sunday,16:25,SEA,LA,Home
2020,16,2020-12-27,Sunday,20:20,GB,TEN,Home
2020,16,2020-12-28,Monday,20:15,NE,BUF,Home
2020,17,2021-01-03,Sunday,13:00,BUF,MIA,Home
2020,17,2021-01-03,Sunday,13:00,CIN,BAL,Home
2020,17,2021-01-03,Sunday,13:00,CLE,PIT,Home
2020,17,2021-01-03,Sunday,13:00,DET,MIN,Home
2020,17,2021-01-03,Sunday,13:00,NE,NYJ,Home
2020,17,2021-01-03,Sunday,13:00,NYG,DAL,Home
2020,17,2021-01-03,Sunday,13:00,TB,ATL,Home
2020,17,2021-01-03,Sunday,16:25,CAR,NO,Home
2020,17,2021-01-03,Sunday,16:25,CHI,GB,Home
2020,17,2021-01-03,Sunday,16:25,DEN,LV,Home
2020,17,2021-01-03,Sunday,16:25,HOU,TEN,Home
2020,17,2021-01-03,Sunday,16:25,IND,JAX,Home
2020,17,2021-01-03,Sunday,16:25,KC,LAC,Home
2020,17,2021-01-03,Sunday,16:25,LA,ARI,Home
2020,17,2021-01-03,Sunday,16:25,SF,SEA,Neutral
2020,17,2021-01-03,Sunday,20:20,PHI,WAS,Home
2020,18,2021-01-09,Saturday,13:05,BUF,IND,Home
2020,18,2021-01-09,Saturday,16:40,SEA,LA,Home
2020,18,2021-01-09,Saturday,20:15,WAS,TB,Home
2020,18,2021-01-10,Sunday,13:05,TEN,BAL,Home
2020,18,2021-01-10,Sunday,16:40,NO,CHI,Home
2020,18,2021-01-10,Sunday,20:15,PIT,CLE,Home
2020,19,2021-01-16,Saturday,16:35,GB,LA,Home
2020,19,2021-01-16,Saturday,20:15,BUF,BAL,Home
2020,19,2021-01-17,Sunday,15:05,KC,CLE,Home
2020,19,2021-01-17,Sunday,18:40,NO,TB,Home
2020,20,2021-01-24,Sunday,15:05,GB,TB,Home
2020,20,2021-01-24,Sunday,18:40,KC,BUF,Home
2020,21,2021-02-07,Sunday,18:30,TB,KC,Neutral
2021,1,2021-09-09,Thursday,20:20,TB,DAL,Home
2021,1,2021-09-12,Sunday,13:00,ATL,PHI,Home
2021,1,2021-09-12,Sunday,13:00,BUF,PIT,Home
2021,1,2021-09-12,Sunday,13:00,CAR,NYJ,Home
2021,1,2021-09-12,Sunday,13:00,CIN,MIN,Home
2021,1,2021-09-12,Sunday,13:00,DET,SF,Home
2021,1,2021-09-12,Sunday,13:00,HOU,JAX,Home
2021,1,2021-09-12,Sunday,13:00,IND,SEA,Home
2021,1,2021-09-12,Sunday,13:00,TEN,ARI,Home
2021,1,2021-09-12,Sunday,13:00,WAS,LAC,Home
2021,1,2021-09-12,Sunday,16:25,KC,CLE,Home
2021,1,2021-09-12,Sunday,16:25,NE,MIA,Home
2021,1,2021-09-12,Sunday,16:25,NO,GB,Neutral
2021,1,2021-09-12,Sunday,16:25,NYG,DEN,Home
2021,1,2021-09-12,Sunday,20:20,LA,CHI,Home
2021,1,2021-09-13,Monday,20:15,LV,BAL,Home
2021,2,2021-09-16,Thursday,20:20,WAS,NYG,Home
2021,2,2021-09-19,Sunday,13:00,CAR,NO,Home
2021,2,2021-09-19,Sunday,13:00,CHI,CIN,Home
2021,2,2021-09-19,Sunday,13:00,CLE,HOU,Home
2021,2,2021-09-19,Sunday,13:00,IND,LA,Home
2021,2,2021-09-19,Sunday,13:00,JAX,DEN,Home
2021,2,2021-09-19,Sunday,13:00,MIA,BUF,Home
2021,2,2021-09-19,Sunday,13:00,NYJ,NE,Home
2021,2,2021-09-19,Sunday,13:00,PHI,SF,Home
2021,2,2021-09-19,Sunday,13:00,PIT,LV,Home
2021,2,2021-09-19,Sunday,16:05,ARI,MIN,Home
2021,2,2021-09-19,Sunday,16:05,TB,ATL,Home
2021,2,2021-09-19,Sunday,16:25,LAC,DAL,Home
2021,2,2021-09-19,Sunday,16:25,SEA,TEN,Home
2021,2,2021-09-19,Sunday,20:20,BAL,KC,Home
2021,2,2021-09-20,Monday,20:15,GB,DET,Home
2021,3,2021-09-23,Thursday,20:20,HOU,CAR,Home
2021,3,2021-09-26,Sunday,13:00,BUF,WAS,Home
2021,3,2021-09-26,Sunday,13:00,CLE,CHI,Home
2021,3,2021-09-26,Sunday,13:00,DET,BAL,Home
2021,3,2021-09-26,Sunday,13:00,JAX,ARI,Home
2021,3,2021-09-26,Sunday,13:00,KC,LAC,Home
2021,3,2021-09-26,Sunday,13:00,NE,NO,Home
2021,3,2021-09-26,Sunday,13:00,NYG,ATL,Home
2021,3,2021-09-26,Sunday,13:00,PIT,CIN,Home
2021,3,2021-09-26,Sunday,13:00,TEN,IND,Home
2021,3,2021-09-26,Sunday,16:05,DEN,NYJ,Home
2021,3,2021-09-26,Sunday,16:05,LV,MIA,Home
2021,3,2021-09-26,Sunday,16:25,LA,TB,Home
2021,3,2021-09-26,Sunday,16:25,MIN,SEA,Home
2021,3,2021-09-26,Sunday,20:20,SF,GB,Home
2021,3,2021-09-27,Monday,20:15,DAL,PHI,Home
2021,4,2021-09-30,Thursday,20:20,CIN,JAX,Home
2021,4,2021-10-03,Sunday,13:00,ATL,WAS,Home
2021,4,2021-10-03,Sunday,13:00,BUF,HOU,Home
2021,4,2021-10-03,Sunday,13:00,CHI,DET,Home
2021,4,2021-10-03,Sunday,13:00,DAL,CAR,Home
2021,4,2021-10-03,Sunday,13:00,MIA,IND,Home
2021,4,2021-10-03,Sunday,13:00,MIN,CLE,Home
2021,4,2021-10-03,Sunday,13:00,NO,NYG,Home
2021,4,2021-10-03,Sunday,13:00,NYJ,TEN,Home
2021,4,2021-10-03,Sunday,13:00,PHI,KC,Home
2021,4,2021-10-03,Sunday,16:05,LA,ARI,Home
2021,4,2021-10-03,Sunday,16:05,SF,SEA,Home
2021,4,2021-10-03,Sunday,16:25,DEN,BAL,Home
2021,4,2021-10-03,Sunday,16:25,GB,PIT,Home
2021,4,2021-10-03,Sunday,20:20,NE,TB,Home
2021,4,2021-10-04,Monday,20:15,LAC,LV,Home
2021,5,2021-10-07,Thursday,20:20,SEA,LA,Home
2021,5,2021-10-10,Sunday,09:30,ATL,NYJ,Neutral
2021,5,2021-10-10,Sunday,13:00,CAR,PHI,Home
2021,5,2021-10-10,Sunday,13:00,CIN,GB,Home
2021,5,2021-10-10,Sunday,13:00,HOU,NE,Home
2021,5,2021-10-10,Sunday,13:00,JAX,TEN,Home
2021,5,2021-10-10,Sunday,13:00,MIN,DET,Home
2021,5,2021-10-10,Sunday,13:00,PIT,DEN,Home
2021,5,2021-10-10,Sunday,13:00,TB,MIA,Home
2021,5,2021-10-10,Sunday,13:00,WAS,NO,Home
2021,5,2021-10-10,Sunday,16:05,LAC,CLE,Home
2021,5,2021-10-10,Sunday,16:05,LV,CHI,Home
2021,5,2021-10-10,Sunday,16:25,ARI,SF,Home
2021,5,2021-10-10,Sunday,16:25,DAL,NYG,Home
2021,5,2021-10-10,Sunday,20:20,KC,BUF,Home
2021,5,2021-10-11,Monday,20:15,BAL,IND,Home
2021,6,2021-10-14,Thursday,20:20,PHI,TB,Home
2021,6,2021-10-17,Sunday,09:30,JAX,MIA,Neutral
2021,6,2021-10-17,Sunday,13:00,BAL,LAC,Home
2021,6,2021-10-17,Sunday,13:00,CAR,MIN,Home
2021,6,2021-10-17,Sunday,13:00,CHI,GB,Home
2021,6,2021-10-17,Sunday,13:00,DET,CIN,Home
2021,6,2021-10-17,Sunday,13:00,IND,HOU,Home
2021,6,2021-10-17,Sunday,13:00,NYG,LA,Home
2021,6,2021-10-17,Sunday,13:00,WAS,KC,Home
2021,6,2021-10-17,Sunday,16:05,CLE,ARI,Home
2021,6,2021-10-17,Sunday,16:25,DEN,LV,Home
2021,6,2021-10-17,Sunday,16:25,NE,DAL,Home
2021,6,2021-10-17,Sunday,20:20,PIT,SEA,Home
2021,6,2021-10-18,Monday,20:15,TEN,BUF,Home
2021,7,2021-10-21,Thursday,20:20,CLE,DEN,Home
2021,7,2021-10-24,Sunday,13:00,BAL,CIN,Home
2021,7,2021-10-24,Sunday,13:00,GB,WAS,Home
2021,7,2021-10-24,Sunday,13:00,MIA,ATL,Home
2021,7,2021-10-24,Sunday,13:00,NE,NYJ,Home
2021,7,2021-10-24,Sunday,13:00,NYG,CAR,Home
2021,7,2021-10-24,Sunday,13:00,TEN,KC,Home
2021,7,2021-10-24,Sunday,16:05,LA,DET,Home
2021,7,2021-10-24,Sunday,16:05,LV,PHI,Home
2021,7,2021-10-24,Sunday,16:25,ARI,HOU,Home
2021,7,2021-10-24,Sunday,16:25,TB,CHI,Home
2021,7,2021-10-24,Sunday,20:20,SF,IND,Home
2021,7,2021-10-25,Monday,20:15,SEA,NO,Home
2021,8,2021-10-28,Thursday,20:20,ARI,GB,Home
2021,8,2021-10-31,Sunday,13:00,ATL,CAR,Home
2021,8,2021-10-31,Sunday,13:00,BUF,MIA,Home
2021,8,2021-10-31,Sunday,13:00,CHI,SF,Home
2021,8,2021-10-31,Sunday,13:00,CLE,PIT,Home
2021,8,2021-10-31,Sunday,13:00,DET,PHI,Home
2021,8,2021-10-31,Sunday,13:00,HOU,LA,Home
2021,8,2021-10-31,Sunday,13:00,IND,TEN,Home
2021,8,2021-10-31,Sunday,13:00,NYJ,CIN,Home
2021,8,2021-10-31,Sunday,16:05,LAC,NE,Home
2021,8,2021-10-31,Sunday,16:05,SEA,JAX,Home
2021,8,2021-10-31,Sunday,16:25,DEN,WAS,Home
2021,8,2021-10-31,Sunday,16:25,NO,TB,Home
2021,8,2021-10-31,Sunday,20:20,MIN,DAL,Home
2021,8,2021-11-01,Monday,20:15,KC,NYG,Home
2021,9,2021-11-04,Thursday,20:20,IND,NYJ,Home
2021,9,2021-11-07,Sunday,13:00,BAL,MIN,Home
2021,9,2021-11-07,Sunday,13:00,CAR,NE,Home
2021,9,2021-11-07,Sunday,13:00,CIN,CLE,Home
2021,9,2021-11-07,Sunday,13:00,DAL,DEN,Home
2021,9,2021-11-07,Sunday,13:00,JAX,BUF,Home
2021,9,2021-11-07,Sunday,13:00,MIA,HOU,Home
2021,9,2021-11-07,Sunday,13:00,NO,ATL,Home
2021,9,2021-11-07,Sunday,13:00,NYG,LV,Home
2021,9,2021-11-07,Sunday,16:05,PHI,LAC,Home
2021,9,2021-11-07,Sunday,16:25,KC,GB,Home
2021,9,2021-11-07,Sunday,16:25,SF,ARI,Home
2021,9,2021-11-07,Sunday,20:20,LA,TEN,Home
2021,9,2021-11-08,Monday,20:15,PIT,CHI,Home
2021,10,2021-11-11,Thursday,20:20,MIA,BAL,Home
2021,10,2021-11-14,Sunday,13:00,DAL,ATL,Home
2021,10,2021-11-14,Sunday,13:00,IND,JAX,Home
2021,10,2021-11-14,Sunday,13:00,NE,CLE,Home
2021,10,2021-11-14,Sunday,13:00,NYJ,BUF,Home
2021,10,2021-11-14,Sunday,13:00,PIT,DET,Home
2021,10,2021-11-14,Sunday,13:00,TEN,NO,Home
2021,10,2021-11-14,Sunday,13:00,WAS,TB,Home
2021,10,2021-11-14,Sunday,16:05,ARI,CAR,Home
2021,10,2021-11-14,Sunday,16:05,LAC,MIN,Home
2021,10,2021-11-14,Sunday,16:25,DEN,PHI,Home
2021,10,2021-11-14,Sunday,16:25,GB,SEA,Home
2021,10,2021-11-14,Sunday,20:20,LV,KC,Home
2021,10,2021-11-15,Monday,20:15,SF,LA,Home
2021,11,2021-11-18,Thursday,20:20,ATL,NE,Home
2021,11,2021-11-21,Sunday,13:00,BUF,IND,Home
2021,11,2021-11-21,Sunday,13:00,CAR,WAS,Home
2021,11,2021-11-21,Sunday,13:00,CHI,BAL,Home
2021,11,2021-11-21,Sunday,13:00,CLE,DET,Home
2021,11,2021-11-21,Sunday,13:00,JAX,SF,Home
2021,11,2021-11-21,Sunday,13:00,MIN,GB,Home
2021,11,2021-11-21,Sunday,13:00,NYJ,MIA,Home
2021,11,2021-11-21,Sunday,13:00,PHI,NO,Home
2021,11,2021-11-21,Sunday,13:00,TEN,HOU,Home
2021,11,2021-11-21,Sunday,16:05,LV,CIN,Home
2021,11,2021-11-21,Sunday,16:25,KC,DAL,Home
2021,11,2021-11-21,Sunday,16:25,SEA,ARI,Home
2021,11,2021-11-21,Sunday,20:20,LAC,PIT,Home
2021,11,2021-11-22,Monday,20:15,TB,NYG,Home
2021,12,2021-11-25,Thursday,12:30,DET,CHI,Home
2021,12,2021-11-25,Thursday,16:30,DAL,LV,Home
2021,12,2021-11-25,Thursday,20:20,NO,BUF,Home
2021,12,2021-11-28,Sunday,13:00,CIN,PIT,Home
2021,12,2021-11-28,Sunday,13:00,HOU,NYJ,Home
2021,12,2021-11-28,Sunday,13:00,IND,TB,Home
2021,12,2021-11-28,Sunday,13:00,JAX,ATL,Home
2021,12,2021-11-28,Sunday,13:00,MIA,CAR,Home
2021,12,2021-11-28,Sunday,13:00,NE,TEN,Home
2021,12,2021-11-28,Sunday,13:00,NYG,PHI,Home
2021,12,2021-11-28,Sunday,16:05,DEN,LAC,Home
2021,12,2021-11-28,Sunday,16:25,GB,LA,Home
2021,12,2021-11-28,Sunday,16:25,SF,MIN,Home
2021,12,2021-11-28,Sunday,20:20,BAL,CLE,Home
2021,12,2021-11-29,Monday,20:15,WAS,SEA,Home
2021,13,2021-12-02,Thursday,20:20,NO,DAL,Home
2021,13,2021-12-05,Sunday,13:00,ATL,TB,Home
2021,13,2021-12-05,Sunday,13:00,CHI,ARI,Home
2021,13,2021-12-05,Sunday,13:00,CIN,LAC,Home
2021,13,2021-12-05,Sunday,13:00,DET,MIN,Home
2021,13,2021-12-05,Sunday,13:00,HOU,IND,Home
2021,13,2021-12-05,Sunday,13:00,MIA,NYG,Home
2021,13,2021-12-05,Sunday,13:00,NYJ,PHI,Home
2021,13,2021-12-05,Sunday,16:05,LA,JAX,Home
2021,13,2021-12-05,Sunday,16:05,LV,WAS,Home
2021,13,2021-12-05,Sunday,16:25,PIT,BAL,Home
2021,13,2021-12-05,Sunday,16:25,SEA,SF,Home
2021,13,2021-12-05,Sunday,20:20,KC,DEN,Home
2021,13,2021-12-06,Monday,20:15,BUF,NE,Home
2021,14,2021-12-09,Thursday,20:20,MIN,PIT,Home
2021,14,2021-12-12,Sunday,13:00,CAR,ATL,Home
2021,14,2021-12-12,Sunday,13:00,CLE,BAL,Home
2021,14,2021-12-12,Sunday,13:00,HOU,SEA,Home
2021,14,2021-12-12,Sunday,13:00,KC,LV,Home
2021,14,2021-12-12,Sunday,13:00,NYJ,NO,Home
2021,14,2021-12-12,Sunday,13:00,TEN,JAX,Home
2021,14,2021-12-12,Sunday,13:00,WAS,DAL,Home
2021,14,2021-12-12,Sunday,16:05,DEN,DET,Home
2021,14,2021-12-12,Sunday,16:05,LAC,NYG,Home
2021,14,2021-12-12,Sunday,16:25,CIN,SF,Home
2021,14,2021-12-12,Sunday,16:25,TB,BUF,Home
2021,14,2021-12-12,Sunday,20:20,GB,CHI,Home
2021,14,2021-12-13,Monday,20:15,ARI,LA,Home
2021,15,2021-12-16,Thursday,20:20,LAC,KC,Home
2021,15,2021-12-18,Saturday,20:20,IND,NE,Home
2021,15,2021-12-19,Sunday,13:00,BUF,CAR,Home
2021,15,2021-12-19,Sunday,13:00,DET,ARI,Home
2021,15,2021-12-19,Sunday,13:00,JAX,HOU,Home
2021,15,2021-12-19,Sunday,13:00,MIA,NYJ,Home
2021,15,2021-12-19,Sunday,13:00,NYG,DAL,Home
2021,15,2021-12-19,Sunday,13:00,PIT,TEN,Home
2021,15,2021-12-19,Sunday,16:05,DEN,CIN,Home
2021,15,2021-12-19,Sunday,16:05,SF,ATL,Home
2021,15,2021-12-19,Sunday,16:25,BAL,GB,Home
2021,15,2021-12-19,Sunday,20:20,TB,NO,Home
2021,15,2021-12-20,Monday,17:00,CLE,LV,Home
2021,15,2021-12-20,Monday,20:15,CHI,MIN,Home
2021,15,2021-12-21,Tuesday,19:00,LA,SEA,Home
2021,15,2021-12-21,Tuesday,19:00,PHI,WAS,Home
2021,16,2021-12-23,Thursday,20:20,TEN,SF,Home
2021,16,2021-12-25,Saturday,16:30,GB,CLE,Home
2021,16,2021-12-25,Saturday,20:15,ARI,IND,Home
2021,16,2021-12-26,Sunday,13:00,ATL,DET,Home
2021,16,2021-12-26,Sunday,13:00,CAR,TB,Home
2021,16,2021-12-26,Sunday,13:00,CIN,BAL,Home
2021,16,2021-12-26,Sunday,13:00,HOU,LAC,Home
2021,16,2021-12-26,Sunday,13:00,MIN,LA,Home
2021,16,2021-12-26,Sunday,13:00,NE,BUF,Home
2021,16,2021-12-26,Sunday,13:00,NYJ,JAX,Home
2021,16,2021-12-26,Sunday,13:00,PHI,NYG,Home
2021,16,2021-12-26,Sunday,16:05,SEA,CHI,Home
2021,16,2021-12-26,Sunday,16:25,KC,PIT,Home
2021,16,2021-12-26,Sunday,16:25,LV,DEN,Home
2021,16,2021-12-26,Sunday,20:20,DAL,WAS,Home
2021,16,2021-12-27,Monday,20:15,NO,MIA,Home
2021,17,2022-01-02,Sunday,13:00,BAL,LA,Home
2021,17,2022-01-02,Sunday,13:00,BUF,ATL,Home
2021,17,2022-01-02,Sunday,13:00,CHI,NYG,Home
2021,17,2022-01-02,Sunday,13:00,CIN,KC,Home
2021,17,2022-01-02,Sunday,13:00,IND,LV,Home
2021,17,2022-01-02,Sunday,13:00,NE,JAX,Home
2021,17,2022-01-02,Sunday,13:00,NYJ,TB,Home
2021,17,2022-01-02,Sunday,13:00,TEN,MIA,Home
2021,17,2022-01-02,Sunday,13:00,WAS,PHI,Home
2021,17,2022-01-02,Sunday,16:05,LAC,DEN,Home
2021,17,2022-01-02,Sunday,16:05,SF,HOU,Home
2021,17,2022-01-02,Sunday,16:25,DAL,ARI,Home
2021,17,2022-01-02,Sunday,16:25,NO,CAR,Home
2021,17,2022-01-02,Sunday,16:25,SEA,DET,Home
2021,17,2022-01-02,Sunday,20:20,GB,MIN,Home
2021,17,2022-01-03,Monday,20:15,PIT,CLE,Home
2021,18,2022-01-08,Saturday,16:30,DEN,KC,Home
2021,18,2022-01-08,Saturday,20:15,PHI,DAL,Home
2021,18,2022-01-09,Sunday,13:00,BAL,PIT,Home
2021,18,2022-01-09,Sunday,13:00,CLE,CIN,Home
2021,18,2022-01-09,Sunday,13:00,DET,GB,Home
2021,18,2022-01-09,Sunday,13:00,HOU,TEN,Home
2021,18,2022-01-09,Sunday,13:00,JAX,IND,Home
2021,18,2022-01-09,Sunday,13:00,MIN,CHI,Home
2021,18,2022-01-09,Sunday,13:00,NYG,WAS,Home
2021,18,2022-01-09,Sunday,16:25,ARI,SEA,Home
2021,18,2022-01-09,Sunday,16:25,ATL,NO,Home
2021,18,2022-01-09,Sunday,16:25,BUF,NYJ,Home
2021,18,2022-01-09,Sunday,16:25,LA,SF,Home
2021,18,2022-01-09,Sunday,16:25,MIA,NE,Home
2021,18,2022-01-09,Sunday,16:25,TB,CAR,Home
2021,18,2022-01-09,Sunday,20:20,LV,LAC,Home
2021,19,2022-01-15,Saturday,16:30,CIN,LV,Home
2021,19,2022-01-15,Saturday,20:15,BUF,NE,Home
2021,19,2022-01-16,Sunday,13:00,TB,PHI,Home
2021,19,2022-01-16,Sunday,16:30,DAL,SF,Home
2021,19,2022-01-16,Sunday,20:15,KC,PIT,Home
2021,19,2022-01-17,Monday,20:15,LA,ARI,Home
2021,20,2022-01-22,Saturday,16:30,TEN,CIN,Home
2021,20,2022-01-22,Saturday,20:15,GB,SF,Home
2021,20,2022-01-23,Sunday,15:00,TB,LA,Home
2021,20,2022-01-23,Sunday,18:30,KC,BUF,Home
2021,21,2022-01-30,Sunday,15:00,KC,CIN,Home
2021,21,2022-01-30,Sunday,18:30,LA,SF,Home
2021,22,2022-02-13,Sunday,18:30,CIN,LA,Neutral
2022,1,2022-09-08,Thursday,20:20,LA,BUF,Home
2022,1,2022-09-11,Sunday,13:00,ATL,NO,Home
2022,1,2022-09-11,Sunday,13:00,CAR,CLE,Home
2022,1,2022-09-11,Sunday,13:00,CHI,SF,Home
2022,1,2022-09-11,Sunday,13:00,CIN,PIT,Home
2022,1,2022-09-11,Sunday,13:00,DET,PHI,Home
2022,1,2022-09-11,Sunday,13:00,HOU,IND,Home
2022,1,2022-09-11,Sunday,13:00,MIA,NE,Home
2022,1,2022-09-11,Sunday,13:00,NYJ,BAL,Home
2022,1,2022-09-11,Sunday,13:00,WAS,JAX,Home
2022,1,2022-09-11,Sunday,16:25,ARI,KC,Home
2022,1,2022-09-11,Sunday,16:25,LAC,LV,Home
2022,1,2022-09-11,Sunday,16:25,MIN,GB,Home
2022,1,2022-09-11,Sunday,16:25,TEN,NYG,Home
2022,1,2022-09-11,Sunday,20:20,DAL,TB,Home
2022,1,2022-09-12,Monday,20:15,SEA,DEN,Home
2022,2,2022-09-15,Thursday,20:15,KC,LAC,Home
2022,2,2022-09-18,Sunday,13:00,BAL,MIA,Home
2022,2,2022-09-18,Sunday,13:00,CLE,NYJ,Home
2022,2,2022-09-18,Sunday,13:00,DET,WAS,Home
2022,2,2022-09-18,Sunday,13:00,JAX,IND,Home
2022,2,2022-09-18,Sunday,13:00,NO,TB,Home
2022,2,2022-09-18,Sunday,13:00,NYG,CAR,Home
2022,2,2022-09-18,Sunday,13:00,PIT,NE,Home
2022,2,2022-09-18,Sunday,16:05,LA,ATL,Home
2022,2,2022-09-18,Sunday,16:05,SF,SEA,Home
2022,2,2022-09-18,Sunday,16:25,DAL,CIN,Home
2022,2,2022-09-18,Sunday,16:25,DEN,HOU,Home
2022,2,2022-09-18,Sunday,16:25,LV,ARI,Home
2022,2,2022-09-18,Sunday,20:20,GB,CHI,Home
2022,2,2022-09-19,Monday,19:15,BUF,TEN,Home
2022,2,2022-09-19,Monday,20:30,PHI,MIN,Home
2022,3,2022-09-22,Thursday,20:15,CLE,PIT,Home
2022,3,2022-09-25,Sunday,13:00,CAR,NO,Home
2022,3,2022-09-25,Sunday,13:00,CHI,HOU,Home
2022,3,2022-09-25,Sunday,13:00,IND,KC,Home
2022,3,2022-09-25,Sunday,13:00,MIA,BUF,Home
2022,3,2022-09-25,Sunday,13:00,MIN,DET,Home
2022,3,2022-09-25,Sunday,13:00,NE,BAL,Home
2022,3,2022-09-25,Sunday,13:00,NYJ,CIN,Home
2022,3,2022-09-25,Sunday,13:00,TEN,LV,Home
2022,3,2022-09-25,Sunday,13:00,WAS,PHI,Home
2022,3,2022-09-25,Sunday,16:05,LAC,JAX,Home
2022,3,2022-09-25,Sunday,16:25,ARI,LA,Home
2022,3,2022-09-25,Sunday,16:25,SEA,ATL,Home
2022,3,2022-09-25,Sunday,16:25,TB,GB,Home
2022,3,2022-09-25,Sunday,20:20,DEN,SF,Home
2022,3,2022-09-26,Monday,20:15,NYG,DAL,Home
2022,4,2022-09-29,Thursday,20:15,CIN,MIA,Home
2022,4,2022-10-02,Sunday,09:30,NO,MIN,Neutral
2022,4,2022-10-02,Sunday,13:00,ATL,CLE,Home
2022,4,2022-10-02,Sunday,13:00,BAL,BUF,Home
2022,4,2022-10-02,Sunday,13:00,DAL,WAS,Home
2022,4,2022-10-02,Sunday,13:00,DET,SEA,Home
2022,4,2022-10-02,Sunday,13:00,HOU,LAC,Home
2022,4,2022-10-02,Sunday,13:00,IND,TEN,Home
2022,4,2022-10-02,Sunday,13:00,NYG,CHI,Home
2022,4,2022-10-02,Sunday,13:00,PHI,JAX,Home
2022,4,2022-10-02,Sunday,13:00,PIT,NYJ,Home
2022,4,2022-10-02,Sunday,16:05,CAR,ARI,Home
2022,4,2022-10-02,Sunday,16:25,GB,NE,Home
2022,4,2022-10-02,Sunday,16:25,LV,DEN,Home
2022,4,2022-10-02,Sunday,20:20,TB,KC,Home
2022,4,2022-10-03,Monday,20:15,SF,LA,Home
2022,5,2022-10-06,Thursday,20:15,DEN,IND,Home
2022,5,2022-10-09,Sunday,09:30,GB,NYG,Neutral
2022,5,2022-10-09,Sunday,13:00,BUF,PIT,Home
2022,5,2022-10-09,Sunday,13:00,CLE,LAC,Home
2022,5,2022-10-09,Sunday,13:00,JAX,HOU,Home
2022,5,2022-10-09,Sunday,13:00,MIN,CHI,Home
2022,5,2022-10-09,Sunday,13:00,NE,DET,Home
2022,5,2022-10-09,Sunday,13:00,NO,SEA,Home
2022,5,2022-10-09,Sunday,13:00,NYJ,MIA,Home
2022,5,2022-10-09,Sunday,13:00,TB,ATL,Home
2022,5,2022-10-09,Sunday,13:00,WAS,TEN,Home
2022,5,2022-10-09,Sunday,16:05,CAR,SF,Home
2022,5,2022-10-09,Sunday,16:25,ARI,PHI,Home
2022,5,2022-10-09,Sunday,16:25,LA,DAL,Home
2022,5,2022-10-09,Sunday,20:20,BAL,CIN,Home
2022,5,2022-10-10,Monday,20:15,KC,LV,Home
2022,6,2022-10-13,Thursday,20:15,CHI,WAS,Home
2022,6,2022-10-16,Sunday,13:00,ATL,SF,Home
2022,6,2022-10-16,Sunday,13:00,CLE,NE,Home
2022,6,2022-10-16,Sunday,13:00,GB,NYJ,Home
2022,6,2022-10-16,Sunday,13:00,IND,JAX,Home
2022,6,2022-10-16,Sunday,13:00,MIA,MIN,Home
2022,6,2022-10-16,Sunday,13:00,NO,CIN,Home
2022,6,2022-10-16,Sunday,13:00,NYG,BAL,Home
2022,6,2022-10-16,Sunday,13:00,PIT,TB,Home
2022,6,2022-10-16,Sunday,16:05,LA,CAR,Home
2022,6,2022-10-16,Sunday,16:05,SEA,ARI,Home
2022,6,2022-10-16,Sunday,16:25,KC,BUF,Home
2022,6,2022-10-16,Sunday,20:20,PHI,DAL,Home
2022,6,2022-10-17,Monday,20:15,LAC,DEN,Home
2022,7,2022-10-20,Thursday,20:15,ARI,NO,Home
2022,7,2022-10-23,Sunday,13:00,BAL,CLE,Home
2022,7,2022-10-23,Sunday,13:00,CAR,TB,Home
2022,7,2022-10-23,Sunday,13:00,CIN,ATL,Home
2022,7,2022-10-23,Sunday,13:00,DAL,DET,Home
2022,7,2022-10-23,Sunday,13:00,JAX,NYG,Home
2022,7,2022-10-23,Sunday,13:00,TEN,IND,Home
2022,7,2022-10-23,Sunday,13:00,WAS,GB,Home
2022,7,2022-10-23,Sunday,16:05,DEN,NYJ,Home
2022,7,2022-10-23,Sunday,16:05,LV,HOU,Home
2022,7,2022-10-23,Sunday,16:25,LAC,SEA,Home
2022,7,2022-10-23,Sunday,16:25,SF,KC,Home
2022,7,2022-10-23,Sunday,20:20,MIA,PIT,Home
2022,7,2022-10-24,Monday,20:15,NE,CHI,Home
2022,8,2022-10-27,Thursday,20:15,TB,BAL,Home
2022,8,2022-10-30,Sunday,09:30,JAX,DEN,Neutral
2022,8,2022-10-30,Sunday,13:00,ATL,CAR,Home
2022,8,2022-10-30,Sunday,13:00,DAL,CHI,Home
2022,8,2022-10-30,Sunday,13:00,DET,MIA,Home
2022,8,2022-10-30,Sunday,13:00,MIN,ARI,Home
2022,8,2022-10-30,Sunday,13:00,NO,LV,Home
2022,8,2022-10-30,Sunday,13:00,NYJ,NE,Home
2022,8,2022-10-30,Sunday,13:00,PHI,PIT,Home
2022,8,2022-10-30,Sunday,16:05,HOU,TEN,Home
2022,8,2022-10-30,Sunday,16:25,IND,WAS,Home
2022,8,2022-10-30,Sunday,16:25,LA,SF,Home
2022,8,2022-10-30,Sunday,16:25,SEA,NYG,Home
2022,8,2022-10-30,Sunday,20:20,BUF,GB,Home
2022,8,2022-10-31,Monday,20:15,CLE,CIN,Home
2022,9,2022-11-03,Thursday,20:15,HOU,PHI,Home
2022,9,2022-11-06,Sunday,13:00,ATL,LAC,Home
2022,9,2022-11-06,Sunday,13:00,CHI,MIA,Home
2022,9,2022-11-06,Sunday,13:00,CIN,CAR,Home
2022,9,2022-11-06,Sunday,13:00,DET,GB,Home
2022,9,2022-11-06,Sunday,13:00,JAX,LV,Home
2022,9,2022-11-06,Sunday,13:00,NE,IND,Home
2022,9,2022-11-06,Sunday,13:00,NYJ,BUF,Home
2022,9,2022-11-06,Sunday,13:00,WAS,MIN,Home
2022,9,2022-11-06,Sunday,16:05,ARI,SEA,Home
2022,9,2022-11-06,Sunday,16:25,TB,LA,Home
2022,9,2022-11-06,Sunday,20:20,KC,TEN,Home
2022,9,2022-11-07,Monday,20:15,NO,BAL,Home
2022,10,2022-11-10,Thursday,20:15,CAR,ATL,Home
2022,10,2022-11-13,Sunday,09:30,TB,SEA,Neutral
2022,10,2022-11-13,Sunday,13:00,BUF,MIN,Home
2022,10,2022-11-13,Sunday,13:00,CHI,DET,Home
2022,10,2022-11-13,Sunday,13:00,KC,JAX,Home
2022,10,2022-11-13,Sunday,13:00,MIA,CLE,Home
2022,10,2022-11-13,Sunday,13:00,NYG,HOU,Home
2022,10,2022-11-13,Sunday,13:00,PIT,NO,Home
2022,10,2022-11-13,Sunday,13:00,TEN,DEN,Home
2022,10,2022-11-13,Sunday,16:05,LV,IND,Home
2022,10,2022-11-13,Sunday,16:25,GB,DAL,Home
2022,10,2022-11-13,Sunday,16:25,LA,ARI,Home
2022,10,2022-11-13,Sunday,20:20,SF,LAC,Home
2022,10,2022-11-14,Monday,20:15,PHI,WAS,Home
2022,11,2022-11-17,Thursday,20:15,GB,TEN,Home
2022,11,2022-11-20,Sunday,13:00,ATL,CHI,Home
2022,11,2022-11-20,Sunday,13:00,BAL,CAR,Home
2022,11,2022-11-20,Sunday,13:00,BUF,CLE,Neutral
2022,11,2022-11-20,Sunday,13:00,HOU,WAS,Home
2022,11,2022-11-20,Sunday,13:00,IND,PHI,Home
2022,11,2022-11-20,Sunday,13:00,NE,NYJ,Home
2022,11,2022-11-20,Sunday,13:00,NO,LA,Home
2022,11,2022-11-20,Sunday,13:00,NYG,DET,Home
2022,11,2022-11-20,Sunday,16:05,DEN,LV,Home
2022,11,2022-11-20,Sunday,16:25,MIN,DAL,Home
2022,11,2022-11-20,Sunday,16:25,PIT,CIN,Home
2022,11,2022-11-20,Sunday,20:20,LAC,KC,Home
2022,11,2022-11-21,Monday,20:15,ARI,SF,Neutral
2022,12,2022-11-24,Thursday,12:30,DET,BUF,Home
2022,12,2022-11-24,Thursday,16:30,DAL,NYG,Home
2022,12,2022-11-24,Thursday,20:20,MIN,NE,Home
2022,12,2022-11-27,Sunday,13:00,CAR,DEN,Home
2022,12,2022-11-27,Sunday,13:00,CLE,TB,Home
2022,12,2022-11-27,Sunday,13:00,JAX,BAL,Home
2022,12,2022-11-27,Sunday,13:00,MIA,HOU,Home
2022,12,2022-11-27,Sunday,13:00,NYJ,CHI,Home
2022,12,2022-11-27,Sunday,13:00,TEN,CIN,Home
2022,12,2022-11-27,Sunday,13:00,WAS,ATL,Home
2022,12,2022-11-27,Sunday,16:05,ARI,LAC,Home
2022,12,2022-11-27,Sunday,16:05,SEA,LV,Home
2022,12,2022-11-27,Sunday,16:25,KC,LA,Home
2022,12,2022-11-27,Sunday,16:25,SF,NO,Home
2022,12,2022-11-27,Sunday,20:20,PHI,GB,Home
2022,12,2022-11-28,Monday,20:15,IND,PIT,Home
2022,13,2022-12-01,Thursday,20:15,NE,BUF,Home
2022,13,2022-12-04,Sunday,13:00,ATL,PIT,Home
2022,13,2022-12-04,Sunday,13:00,BAL,DEN,Home
2022,13,2022-12-04,Sunday,13:00,CHI,GB,Home
2022,13,2022-12-04,Sunday,13:00,DET,JAX,Home
2022,13,2022-12-04,Sunday,13:00,HOU,CLE,Home
2022,13,2022-12-04,Sunday,13:00,MIN,NYJ,Home
2022,13,2022-12-04,Sunday,13:00,NYG,WAS,Home
2022,13,2022-12-04,Sunday,13:00,PHI,TEN,Home
2022,13,2022-12-04,Sunday,16:05,LA,SEA,Home
2022,13,2022-12-04,Sunday,16:05,SF,MIA,Home
2022,13,2022-12-04,Sunday,16:25,CIN,KC,Home
2022,13,2022-12-04,Sunday,16:25,LV,LAC,Home
2022,13,2022-12-04,Sunday,20:20,DAL,IND,Home
2022,13,2022-12-05,Monday,20:15,TB,NO,Home
2022,14,2022-12-08,Thursday,20:15,LA,LV,Home
2022,14,2022-12-11,Sunday,13:00,BUF,NYJ,Home
2022,14,2022-12-11,Sunday,13:00,CIN,CLE,Home
2022,14,2022-12-11,Sunday,13:00,DAL,HOU,Home
2022,14,2022-12-11,Sunday,13:00,DET,MIN,Home
2022,14,2022-12-11,Sunday,13:00,NYG,PHI,Home
2022,14,2022-12-11,Sunday,13:00,PIT,BAL,Home
2022,14,2022-12-11,Sunday,13:00,TEN,JAX,Home
2022,14,2022-12-11,Sunday,16:05,DEN,KC,Home
2022,14,2022-12-11,Sunday,16:25,SEA,CAR,Home
2022,14,2022-12-11,Sunday,16:25,SF,TB,Home
2022,14,2022-12-11,Sunday,20:20,LAC,MIA,Home
2022,14,2022-12-12,Monday,20:15,ARI,NE,Home
2022,15,2022-12-15,Thursday,20:15,SEA,SF,Home
2022,15,2022-12-17,Saturday,13:00,MIN,IND,Home
2022,15,2022-12-17,Saturday,16:30,CLE,BAL,Home
2022,15,2022-12-17,Saturday,20:15,BUF,MIA,Home
2022,15,2022-12-18,Sunday,13:00,CAR,PIT,Home
2022,15,2022-12-18,Sunday,13:00,CHI,PHI,Home
2022,15,2022-12-18,Sunday,13:00,HOU,KC,Home
2022,15,2022-12-18,Sunday,13:00,JAX,DAL,Home
2022,15,2022-12-18,Sunday,13:00,NO,ATL,Home
2022,15,2022-12-18,Sunday,13:00,NYJ,DET,Home
2022,15,2022-12-18,Sunday,16:05,DEN,ARI,Home
2022,15,2022-12-18,Sunday,16:05,LV,NE,Home
2022,15,2022-12-18,Sunday,16:25,LAC,TEN,Home
2022,15,2022-12-18,Sunday,16:25,TB,CIN,Home
2022,15,2022-12-18,Sunday,20:20,WAS,NYG,Home
2022,15,2022-12-19,Monday,20:15,GB,LA,Home
2022,16,2022-12-22,Thursday,20:15,NYJ,JAX,Home
2022,16,2022-12-24,Saturday,13:00,BAL,ATL,Home
2022,16,2022-12-24,Saturday,13:00,CAR,DET,Home
2022,16,2022-12-24,Saturday,13:00,CHI,BUF,Home
2022,16,2022-12-24,Saturday,13:00,CLE,NO,Home
2022,16,2022-12-24,Saturday,13:00,KC,SEA,Home
2022,16,2022-12-24,Saturday,13:00,MIN,NYG,Home
2022,16,2022-12-24,Saturday,13:00,NE,CIN,Home
2022,16,2022-12-24,Saturday,14:00,TEN,HOU,Home
2022,16,2022-12-24,Saturday,16:05,SF,WAS,Home
2022,16,2022-12-24,Saturday,16:25,DAL,PHI,Home
2022,16,2022-12-24,Saturday,20:15,PIT,LV,Home
2022,16,2022-12-25,Sunday,13:00,MIA,GB,Home
2022,16,2022-12-25,Sunday,16:30,LA,DEN,Home
2022,16,2022-12-25,Sunday,20:20,ARI,TB,Home
2022,16,2022-12-26,Monday,20:15,IND,LAC,Home
2022,17,2022-12-29,Thursday,20:15,TEN,DAL,Home
2022,17,2023-01-01,Sunday,13:00,ATL,ARI,Home
2022,17,2023-01-01,Sunday,13:00,DET,CHI,Home
2022,17,2023-01-01,Sunday,13:00,HOU,JAX,Home
2022,17,2023-01-01,Sunday,13:00,KC,DEN,Home
2022,17,2023-01-01,Sunday,13:00,NE,MIA,Home
2022,17,2023-01-01,Sunday,13:00,NYG,IND,Home
2022,17,2023-01-01,Sunday,13:00,PHI,NO,Home
2022,17,2023-01-01,Sunday,13:00,TB,CAR,Home
2022,17,2023-01-01,Sunday,13:00,WAS,CLE,Home
2022,17,2023-01-01,Sunday,16:05,LV,SF,Home
2022,17,2023-01-01,Sunday,16:05,SEA,NYJ,Home
2022,17,2023-01-01,Sunday,16:25,GB,MIN,Home
2022,17,2023-01-01,Sunday,16:25,LAC,LA,Home
2022,17,2023-01-01,Sunday,20:20,BAL,PIT,Home
2022,18,2023-01-07,Saturday,16:30,LV,KC,Home
2022,18,2023-01-07,Saturday,20:15,JAX,TEN,Home
2022,18,2023-01-08,Sunday,13:00,ATL,TB,Home
2022,18,2023-01-08,Sunday,13:00,BUF,NE,Home
2022,18,2023-01-08,Sunday,13:00,CHI,MIN,Home
2022,18,2023-01-08,Sunday,13:00,CIN,BAL,Home
2022,18,2023-01-08,Sunday,13:00,IND,HOU,Home
2022,18,2023-01-08,Sunday,13:00,MIA,NYJ,Home
2022,18,2023-01-08,Sunday,13:00,NO,CAR,Home
2022,18,2023-01-08,Sunday,13:00,PIT,CLE,Home
2022,18,2023-01-08,Sunday,16:25,DEN,LAC,Home
2022,18,2023-01-08,Sunday,16:25,PHI,NYG,Home
2022,18,2023-01-08,Sunday,16:25,SEA,LA,Home
2022,18,2023-01-08,Sunday,16:25,SF,ARI,Home
2022,18,2023-01-08,Sunday,16:25,WAS,DAL,Home
2022,18,2023-01-08,Sunday,20:20,GB,DET,Home
2022,19,2023-01-14,Saturday,16:30,SF,SEA,Home
2022,19,2023-01-14,Saturday,20:15,JAX,LAC,Home
2022,19,2023-01-15,Sunday,13:00,BUF,MIA,Home
2022,19,2023-01-15,Sunday,16:50,MIN,NYG,Home
2022,19,2023-01-15,Sunday,20:15,CIN,BAL,Home
2022,19,2023-01-16,Monday,20:15,TB,DAL,Home
2022,20,2023-01-21,Saturday,16:30,KC,JAX,Home
2022,20,2023-01-21,Saturday,20:15,PHI,NYG,Home
2022,20,2023-01-22,Sunday,15:00,BUF,CIN,Home
2022,20,2023-01-22,Sunday,18:30,SF,DAL,Home
2022,21,2023-01-29,Sunday,15:00,PHI,SF,Home
2022,21,2023-01-29,Sunday,18:30,KC,CIN,Home
2022,22,2023-02-12,Sunday,18:30,PHI,KC,Neutral
2023,1,2023-09-07,Thursday,20:20,KC,DET,Home
2023,1,2023-09-10,Sunday,13:00,ATL,CAR,Home
2023,1,2023-09-10,Sunday,13:00,BAL,HOU,Home
2023,1,2023-09-10,Sunday,13:00,CLE,CIN,Home
2023,1,2023-09-10,Sunday,13:00,IND,JAX,Home
2023,1,2023-09-10,Sunday,13:00,MIN,TB,Home
2023,1,2023-09-10,Sunday,13:00,NO,TEN,Home
2023,1,2023-09-10,Sunday,13:00,PIT,SF,Home
2023,1,2023-09-10,Sunday,13:00,WAS,ARI,Home
2023,1,2023-09-10,Sunday,16:25,CHI,GB,Home
2023,1,2023-09-10,Sunday,16:25,DEN,LV,Home
2023,1,2023-09-10,Sunday,16:25,LAC,MIA,Home
2023,1,2023-09-10,Sunday,16:25,NE,PHI,Home
2023,1,2023-09-10,Sunday,16:25,SEA,LA,Home
2023,1,2023-09-10,Sunday,20:20,NYG,DAL,Home
2023,1,2023-09-11,Monday,20:15,NYJ,BUF,Home
2023,2,2023-09-14,Thursday,20:15,PHI,MIN,Home
2023,2,2023-09-17,Sunday,13:00,ATL,GB,Home
2023,2,2023-09-17,Sunday,13:00,BUF,LV,Home
2023,2,2023-09-17,Sunday,13:00,CIN,BAL,Home
2023,2,2023-09-17,Sunday,13:00,DET,SEA,Home
2023,2,2023-09-17,Sunday,13:00,HOU,IND,Home
2023,2,2023-09-17,Sunday,13:00,JAX,KC,Home
2023,2,2023-09-17,Sunday,13:00,TB,CHI,Home
2023,2,2023-09-17,Sunday,13:00,TEN,LAC,Home
2023,2,2023-09-17,Sunday,16:05,ARI,NYG,Home
2023,2,2023-09-17,Sunday,16:05,LA,SF,Home
2023,2,2023-09-17,Sunday,16:25,DAL,NYJ,Home
2023,2,2023-09-17,Sunday,16:25,DEN,WAS,Home
2023,2,2023-09-17,Sunday,20:20,NE,MIA,Home
2023,2,2023-09-18,Monday,19:15,CAR,NO,Home
2023,2,2023-09-18,Monday,20:15,PIT,CLE,Home
2023,3,2023-09-21,Thursday,20:15,SF,NYG,Home
2023,3,2023-09-24,Sunday,13:00,BAL,IND,Home
2023,3,2023-09-24,Sunday,13:00,CLE,TEN,Home
2023,3,2023-09-24,Sunday,13:00,DET,ATL,Home
2023,3,2023-09-24,Sunday,13:00,GB,NO,Home
2023,3,2023-09-24,Sunday,13:00,JAX,HOU,Home
2023,3,2023-09-24,Sunday,13:00,MIA,DEN,Home
2023,3,2023-09-24,Sunday,13:00,MIN,LAC,Home
2023,3,2023-09-24,Sunday,13:00,NYJ,NE,Home
2023,3,2023-09-24,Sunday,13:00,WAS,BUF,Home
2023,3,2023-09-24,Sunday,16:05,SEA,CAR,Home
2023,3,2023-09-24,Sunday,16:25,ARI,DAL,Home
2023,3,2023-09-24,Sunday,16:25,KC,CHI,Home
2023,3,2023-09-24,Sunday,20:20,LV,PIT,Home
2023,3,2023-09-25,Monday,19:15,TB,PHI,Home
2023,3,2023-09-25,Monday,20:15,CIN,LA,Home
2023,4,2023-09-28,Thursday,20:15,GB,DET,Home
2023,4,2023-10-01,Sunday,09:30,JAX,ATL,Neutral
2023,4,2023-10-01,Sunday,13:00,BUF,MIA,Home
2023,4,2023-10-01,Sunday,13:00,CAR,MIN,Home
2023,4,2023-10-01,Sunday,13:00,CHI,DEN,Home
2023,4,2023-10-01,Sunday,13:00,CLE,BAL,Home
2023,4,2023-10-01,Sunday,13:00,HOU,PIT,Home
2023,4,2023-10-01,Sunday,13:00,IND,LA,Home
2023,4,2023-10-01,Sunday,13:00,NO,TB,Home
2023,4,2023-10-01,Sunday,13:00,PHI,WAS,Home
2023,4,2023-10-01,Sunday,13:00,TEN,CIN,Home
2023,4,2023-10-01,Sunday,16:05,LAC,LV,Home
2023,4,2023-10-01,Sunday,16:25,DAL,NE,Home
2023,4,2023-10-01,Sunday,16:25,SF,ARI,Home
2023,4,2023-10-01,Sunday,20:20,NYJ,KC,Home
2023,4,2023-10-02,Monday,20:15,NYG,SEA,Home
2023,5,2023-10-05,Thursday,20:15,WAS,CHI,Home
2023,5,2023-10-08,Sunday,09:30,BUF,JAX,Neutral
2023,5,2023-10-08,Sunday,13:00,ATL,HOU,Home
2023,5,2023-10-08,Sunday,13:00,DET,CAR,Home
2023,5,2023-10-08,Sunday,13:00,IND,TEN,Home
2023,5,2023-10-08,Sunday,13:00,MIA,NYG,Home
2023,5,2023-10-08,Sunday,13:00,NE,NO,Home
2023,5,2023-10-08,Sunday,13:00,PIT,BAL,Home
2023,5,2023-10-08,Sunday,16:05,ARI,CIN,Home
2023,5,2023-10-08,Sunday,16:05,LA,PHI,Home
2023,5,2023-10-08,Sunday,16:25,DEN,NYJ,Home
2023,5,2023-10-08,Sunday,16:25,MIN,KC,Home
2023,5,2023-10-08,Sunday,20:20,SF,DAL,Home
2023,5,2023-10-09,Monday,20:15,LV,GB,Home
2023,6,2023-10-12,Thursday,20:15,KC,DEN,Home
2023,6,2023-10-15,Sunday,09:30,TEN,BAL,Neutral
2023,6,2023-10-15,Sunday,13:00,ATL,WAS,Home
2023,6,2023-10-15,Sunday,13:00,CHI,MIN,Home
2023,6,2023-10-15,Sunday,13:00,CIN,SEA,Home
2023,6,2023-10-15,Sunday,13:00,CLE,SF,Home
2023,6,2023-10-15,Sunday,13:00,HOU,NO,Home
2023,6,2023-10-15,Sunday,13:00,JAX,IND,Home
2023,6,2023-10-15,Sunday,13:00,MIA,CAR,Home
2023,6,2023-10-15,Sunday,16:05,LV,NE,Home
2023,6,2023-10-15,Sunday,16:25,LA,ARI,Home
2023,6,2023-10-15,Sunday,16:25,NYJ,PHI,Home
2023,6,2023-10-15,Sunday,16:25,TB,DET,Home
2023,6,2023-10-15,Sunday,20:20,BUF,NYG,Home
2023,6,2023-10-16,Monday,20:15,LAC,DAL,Home
2023,7,2023-10-19,Thursday,20:15,NO,JAX,Home
2023,7,2023-10-22,Sunday,13:00,BAL,DET,Home
2023,7,2023-10-22,Sunday,13:00,CHI,LV,Home
2023,7,2023-10-22,Sunday,13:00,IND,CLE,Home
2023,7,2023-10-22,Sunday,13:00,NE,BUF,Home
2023,7,2023-10-22,Sunday,13:00,NYG,WAS,Home
2023,7,2023-10-22,Sunday,13:00,TB,ATL,Home
2023,7,2023-10-22,Sunday,16:05,LA,PIT,Home
2023,7,2023-10-22,Sunday,16:05,SEA,ARI,Home
2023,7,2023-10-22,Sunday,16:25,DEN,GB,Home
2023,7,2023-10-22,Sunday,16:25,KC,LAC,Home
2023,7,2023-10-22,Sunday,20:20,PHI,MIA,Home
2023,7,2023-10-23,Monday,20:15,MIN,SF,Home
2023,8,2023-10-26,Thursday,20:15,BUF,TB,Home
2023,8,2023-10-29,Sunday,13:00,CAR,HOU,Home
2023,8,2023-10-29,Sunday,13:00,DAL,LA,Home
2023,8,2023-10-29,Sunday,13:00,GB,MIN,Home
2023,8,2023-10-29,Sunday,13:00,IND,NO,Home
2023,8,2023-10-29,Sunday,13:00,MIA,NE,Home
2023,8,2023-10-29,Sunday,13:00,NYG,NYJ,Home
2023,8,2023-10-29,Sunday,13:00,PIT,JAX,Home
2023,8,2023-10-29,Sunday,13:00,TEN,ATL,Home
2023,8,2023-10-29,Sunday,13:00,WAS,PHI,Home
2023,8,2023-10-29,Sunday,16:05,SEA,CLE,Home
2023,8,2023-10-29,Sunday,16:25,ARI,BAL,Home
2023,8,2023-10-29,Sunday,16:25,DEN,KC,Home
2023,8,2023-10-29,Sunday,16:25,SF,CIN,Home
2023,8,2023-10-29,Sunday,20:20,LAC,CHI,Home
2023,8,2023-10-30,Monday,20:15,DET,LV,Home
2023,9,2023-11-02,Thursday,20:15,PIT,TEN,Home
2023,9,2023-11-05,Sunday,09:30,KC,MIA,Neutral
2023,9,2023-11-05,Sunday,13:00,ATL,MIN,Home
2023,9,2023-11-05,Sunday,13:00,BAL,SEA,Home
2023,9,2023-11-05,Sunday,13:00,CLE,ARI,Home
2023,9,2023-11-05,Sunday,13:00,GB,LA,Home
2023,9,2023-11-05,Sunday,13:00,HOU,TB,Home
2023,9,2023-11-05,Sunday,13:00,NE,WAS,Home
2023,9,2023-11-05,Sunday,13:00,NO,CHI,Home
2023,9,2023-11-05,Sunday,16:05,CAR,IND,Home
2023,9,2023-11-05,Sunday,16:25,LV,NYG,Home
2023,9,2023-11-05,Sunday,16:25,PHI,DAL,Home
2023,9,2023-11-05,Sunday,20:20,CIN,BUF,Home
2023,9,2023-11-06,Monday,20:15,NYJ,LAC,Home
2023,10,2023-11-09,Thursday,20:15,CHI,CAR,Home
2023,10,2023-11-12,Sunday,09:30,NE,IND,Neutral
2023,10,2023-11-12,Sunday,13:00,BAL,CLE,Home
2023,10,2023-11-12,Sunday,13:00,CIN,HOU,Home
2023,10,2023-11-12,Sunday,13:00,JAX,SF,Home
2023,10,2023-11-12,Sunday,13:00,MIN,NO,Home
2023,10,2023-11-12,Sunday,13:00,PIT,GB,Home
2023,10,2023-11-12,Sunday,13:00,TB,TEN,Home
2023,10,2023-11-12,Sunday,16:05,ARI,ATL,Home
2023,10,2023-11-12,Sunday,16:05,LAC,DET,Home
2023,10,2023-11-12,Sunday,16:25,DAL,NYG,Home
2023,10,2023-11-12,Sunday,16:25,SEA,WAS,Home
2023,10,2023-11-12,Sunday,20:20,LV,NYJ,Home
2023,10,2023-11-13,Monday,20:15,BUF,DEN,Home
2023,11,2023-11-16,Thursday,20:15,BAL,CIN,Home
2023,11,2023-11-19,Sunday,13:00,CAR,DAL,Home
2023,11,2023-11-19,Sunday,13:00,CLE,PIT,Home
2023,11,2023-11-19,Sunday,13:00,DET,CHI,Home
2023,11,2023-11-19,Sunday,13:00,GB,LAC,Home
2023,11,2023-11-19,Sunday,13:00,HOU,ARI,Home
2023,11,2023-11-19,Sunday,13:00,JAX,TEN,Home
2023,11,2023-11-19,Sunday,13:00,MIA,LV,Home
2023,11,2023-11-19,Sunday,13:00,WAS,NYG,Home
2023,11,2023-11-19,Sunday,16:05,SF,TB,Home
2023,11,2023-11-19,Sunday,16:25,BUF,NYJ,Home
2023,11,2023-11-19,Sunday,16:25,LA,SEA,Home
2023,11,2023-11-19,Sunday,20:20,DEN,MIN,Home
2023,11,2023-11-20,Monday,20:15,KC,PHI,Home
2023,12,2023-11-23,Thursday,12:30,DET,GB,Home
2023,12,2023-11-23,Thursday,16:30,DAL,WAS,Home
2023,12,2023-11-23,Thursday,20:20,SEA,SF,Home
2023,12,2023-11-24,Friday,15:00,NYJ,MIA,Home
2023,12,2023-11-26,Sunday,13:00,ATL,NO,Home
2023,12,2023-11-26,Sunday,13:00,CIN,PIT,Home
2023,12,2023-11-26,Sunday,13:00,HOU,JAX,Home
2023,12,2023-11-26,Sunday,13:00,IND,TB,Home
2023,12,2023-11-26,Sunday,13:00,NYG,NE,Home
2023,12,2023-11-26,Sunday,13:00,TEN,CAR,Home
2023,12,2023-11-26,Sunday,16:05,ARI,LA,Home
2023,12,2023-11-26,Sunday,16:05,DEN,CLE,Home
2023,12,2023-11-26,Sunday,16:25,LV,KC,Home
2023,12,2023-11-26,Sunday,16:25,PHI,BUF,Home
2023,12,2023-11-26,Sunday,20:20,LAC,BAL,Home
2023,12,2023-11-27,Monday,20:15,MIN,CHI,Home
2023,13,2023-11-30,Thursday,20:15,DAL,SEA,Home
2023,13,2023-12-03,Sunday,13:00,HOU,DEN,Home
2023,13,2023-12-03,Sunday,13:00,NE,LAC,Home
2023,13,2023-12-03,Sunday,13:00,NO,DET,Home
2023,13,2023-12-03,Sunday,13:00,NYJ,ATL,Home
2023,13,2023-12-03,Sunday,13:00,PIT,ARI,Home
2023,13,2023-12-03,Sunday,13:00,TEN,IND,Home
2023,13,2023-12-03,Sunday,13:00,WAS,MIA,Home
2023,13,2023-12-03,Sunday,16:05,TB,CAR,Home
2023,13,2023-12-03,Sunday,16:25,LA,CLE,Home
2023,13,2023-12-03,Sunday,16:25,PHI,SF,Home
2023,13,2023-12-03,Sunday,20:20,GB,KC,Home
2023,13,2023-12-04,Monday,20:15,JAX,CIN,Home
2023,14,2023-12-07,Thursday,20:15,PIT,NE,Home
2023,14,2023-12-10,Sunday,13:00,ATL,TB,Home
2023,14,2023-12-10,Sunday,13:00,BAL,LA,Home
2023,14,2023-12-10,Sunday,13:00,CHI,DET,Home
2023,14,2023-12-10,Sunday,13:00,CIN,IND,Home
2023,14,2023-12-10,Sunday,13:00,CLE,JAX,Home
2023,14,2023-12-10,Sunday,13:00,NO,CAR,Home
2023,14,2023-12-10,Sunday,13:00,NYJ,HOU,Home
2023,14,2023-12-10,Sunday,16:05,LV,MIN,Home
2023,14,2023-12-10,Sunday,16:05,SF,SEA,Home
2023,14,2023-12-10,Sunday,16:25,KC,BUF,Home
2023,14,2023-12-10,Sunday,16:25,LAC,DEN,Home
2023,14,2023-12-10,Sunday,20:20,DAL,PHI,Home
2023,14,2023-12-11,Monday,20:15,MIA,TEN,Home
2023,14,2023-12-11,Monday,20:15,NYG,GB,Home
2023,15,2023-12-14,Thursday,20:15,LV,LAC,Home
2023,15,2023-12-16,Saturday,13:00,CIN,MIN,Home
2023,15,2023-12-16,Saturday,16:30,IND,PIT,Home
2023,15,2023-12-16,Saturday,20:15,DET,DEN,Home
2023,15,2023-12-17,Sunday,13:00,CAR,ATL,Home
2023,15,2023-12-17,Sunday,13:00,CLE,CHI,Home
2023,15,2023-12-17,Sunday,13:00,GB,TB,Home
2023,15,2023-12-17,Sunday,13:00,MIA,NYJ,Home
2023,15,2023-12-17,Sunday,13:00,NE,KC,Home
2023,15,2023-12-17,Sunday,13:00,NO,NYG,Home
2023,15,2023-12-17,Sunday,13:00,TEN,HOU,Home
2023,15,2023-12-17,Sunday,16:05,ARI,SF,Home
2023,15,2023-12-17,Sunday,16:05,LA,WAS,Home
2023,15,2023-12-17,Sunday,16:25,BUF,DAL,Home
2023,15,2023-12-17,Sunday,20:20,JAX,BAL,Home
2023,15,2023-12-18,Monday,20:15,SEA,PHI,Home
2023,16,2023-12-21,Thursday,20:15,LA,NO,Home
2023,16,2023-12-23,Saturday,16:30,PIT,CIN,Home
2023,16,2023-12-23,Saturday,20:00,LAC,BUF,Home
2023,16,2023-12-24,Sunday,13:00,ATL,IND,Home
2023,16,2023-12-24,Sunday,13:00,CAR,GB,Home
2023,16,2023-12-24,Sunday,13:00,HOU,CLE,Home
2023,16,2023-12-24,Sunday,13:00,MIN,DET,Home
2023,16,2023-12-24,Sunday,13:00,NYJ,WAS,Home
2023,16,2023-12-24,Sunday,13:00,TEN,SEA,Home
2023,16,2023-12-24,Sunday,16:05,TB,JAX,Home
2023,16,2023-12-24,Sunday,16:25,CHI,ARI,Home
2023,16,2023-12-24,Sunday,16:25,MIA,DAL,Home
2023,16,2023-12-24,Sunday,20:15,DEN,NE,Home
2023,16,2023-12-25,Monday,13:00,KC,LV,Home
2023,16,2023-12-25,Monday,16:30,PHI,NYG,Home
2023,16,2023-12-25,Monday,20:15,SF,BAL,Home
2023,17,2023-12-28,Thursday,20:15,CLE,NYJ,Home
2023,17,2023-12-30,Saturday,20:15,DAL,DET,Home
2023,17,2023-12-31,Sunday,13:00,BAL,MIA,Home
2023,17,2023-12-31,Sunday,13:00,BUF,NE,Home
2023,17,2023-12-31,Sunday,13:00,CHI,ATL,Home
2023,17,2023-12-31,Sunday,13:00,HOU,TEN,Home
2023,17,2023-12-31,Sunday,13:00,IND,LV,Home
2023,17,2023-12-31,Sunday,13:00,JAX,CAR,Home
2023,17,2023-12-31,Sunday,13:00,NYG,LA,Home
2023,17,2023-12-31,Sunday,13:00,PHI,ARI,Home
2023,17,2023-12-31,Sunday,13:00,TB,NO,Home
2023,17,2023-12-31,Sunday,13:00,WAS,SF,Home
2023,17,2023-12-31,Sunday,16:05,SEA,PIT,Home
2023,17,2023-12-31,Sunday,16:25,DEN,LAC,Home
2023,17,2023-12-31,Sunday,16:25,KC,CIN,Home
2023,17,2023-12-31,Sunday,20:20,MIN,GB,Home
2023,18,2024-01-06,Saturday,16:30,BAL,PIT,Home
2023,18,2024-01-06,Saturday,20:15,IND,HOU,Home
2023,18,2024-01-07,Sunday,13:00,CAR,TB,Home
2023,18,2024-01-07,Sunday,13:00,CIN,CLE,Home
2023,18,2024-01-07,Sunday,13:00,DET,MIN,Home
2023,18,2024-01-07,Sunday,13:00,NE,NYJ,Home
2023,18,2024-01-07,Sunday,13:00,NO,ATL,Home
2023,18,2024-01-07,Sunday,13:00,TEN,JAX,Home
2023,18,2024-01-07,Sunday,16:25,ARI,SEA,Home
2023,18,2024-01-07,Sunday,16:25,GB,CHI,Home
2023,18,2024-01-07,Sunday,16:25,LAC,KC,Home
2023,18,2024-01-07,Sunday,16:25,LV,DEN,Home
2023,18,2024-01-07,Sunday,16:25,NYG,PHI,Home
2023,18,2024-01-07,Sunday,16:25,SF,LA,Home
2023,18,2024-01-07,Sunday,16:25,WAS,DAL,Home
2023,18,2024-01-07,Sunday,20:20,MIA,BUF,Home
2023,19,2024-01-13,Saturday,16:30,HOU,CLE,Home
2023,19,2024-01-13,Saturday,20:00,KC,MIA,Home
2023,19,2024-01-14,Sunday,16:30,DAL,GB,Home
2023,19,2024-01-14,Sunday,20:00,DET,LA,Home
2023,19,2024-01-15,Monday,16:30,BUF,PIT,Home
2023,19,2024-01-15,Monday,20:00,TB,PHI,Home
2023,20,2024-01-20,Saturday,16:30,BAL,HOU,Home
2023,20,2024-01-20,Saturday,20:15,SF,GB,Home
2023,20,2024-01-21,Sunday,15:00,DET,TB,Home
2023,20,2024-01-21,Sunday,18:30,BUF,KC,Home
2023,21,2024-01-28,Sunday,15:00,BAL,KC,Home
2023,21,2024-01-28,Sunday,18:30,SF,DET,Home
2023,22,2024-02-11,Sunday,18:30,KC,SF,Neutral
2024,1,2024-09-05,Thursday,20:20,KC,BAL,Home
2024,1,2024-09-06,Friday,20:15,PHI,GB,Neutral
2024,1,2024-09-08,Sunday,13:00,ATL,PIT,Home
2024,1,2024-09-08,Sunday,13:00,BUF,ARI,Home
2024,1,2024-09-08,Sunday,13:00,CHI,TEN,Home
2024,1,2024-09-08,Sunday,13:00,CIN,NE,Home
2024,1,2024-09-08,Sunday,13:00,IND,HOU,Home
2024,1,2024-09-08,Sunday,13:00,MIA,JAX,Home
2024,1,2024-09-08,Sunday,13:00,NO,CAR,Home
2024,1,2024-09-08,Sunday,13:00,NYG,MIN,Home
2024,1,2024-09-08,Sunday,16:05,LAC,LV,Home
2024,1,2024-09-08,Sunday,16:05,SEA,DEN,Home
2024,1,2024-09-08,Sunday,16:25,CLE,DAL,Home
2024,1,2024-09-08,Sunday,16:25,TB,WAS,Home
2024,1,2024-09-08,Sunday,20:20,DET,LA,Home
2024,1,2024-09-09,Monday,20:15,SF,NYJ,Home
2024,2,2024-09-12,Thursday,20:15,MIA,BUF,Home
2024,2,2024-09-15,Sunday,13:00,BAL,LV,Home
2024,2,2024-09-15,Sunday,13:00,CAR,LAC,Home
2024,2,2024-09-15,Sunday,13:00,DAL,NO,Home
2024,2,2024-09-15,Sunday,13:00,DET,TB,Home
2024,2,2024-09-15,Sunday,13:00,GB,IND,Home
2024,2,2024-09-15,Sunday,13:00,JAX,CLE,Home
2024,2,2024-09-15,Sunday,13:00,MIN,SF,Home
2024,2,2024-09-15,Sunday,13:00,NE,SEA,Home
2024,2,2024-09-15,Sunday,13:00,TEN,NYJ,Home
2024,2,2024-09-15,Sunday,13:00,WAS,NYG,Home
2024,2,2024-09-15,Sunday,16:05,ARI,LA,Home
2024,2,2024-09-15,Sunday,16:25,DEN,PIT,Home
2024,2,2024-09-15,Sunday,16:25,KC,CIN,Home
2024,2,2024-09-15,Sunday,20:20,HOU,CHI,Home
2024,2,2024-09-16,Monday,20:15,PHI,ATL,Home
2024,3,2024-09-19,Thursday,20:15,NYJ,NE,Home
2024,3,2024-09-22,Sunday,13:00,CLE,NYG,Home
2024,3,2024-09-22,Sunday,13:00,IND,CHI,Home
2024,3,2024-09-22,Sunday,13:00,MIN,HOU,Home
2024,3,2024-09-22,Sunday,13:00,NO,PHI,Home
2024,3,2024-09-22,Sunday,13:00,PIT,LAC,Home
2024,3,2024-09-22,Sunday,13:00,TB,DEN,Home
2024,3,2024-09-22,Sunday,13:00,TEN,GB,Home
2024,3,2024-09-22,Sunday,16:05,LV,CAR,Home
2024,3,2024-09-22,Sunday,16:05,SEA,MIA,Home
2024,3,2024-09-22,Sunday,16:25,ARI,DET,Home
2024,3,2024-09-22,Sunday,16:25,DAL,BAL,Home
2024,3,2024-09-22,Sunday,16:25,LA,SF,Home
2024,3,2024-09-22,Sunday,20:20,ATL,KC,Home
2024,3,2024-09-23,Monday,19:30,BUF,JAX,Home
2024,3,2024-09-23,Monday,20:15,CIN,WAS,Home
2024,4,2024-09-26,Thursday,20:15,NYG,DAL,Home
2024,4,2024-09-29,Sunday,13:00,ATL,NO,Home
2024,4,2024-09-29,Sunday,13:00,CAR,CIN,Home
2024,4,2024-09-29,Sunday,13:00,CHI,LA,Home
2024,4,2024-09-29,Sunday,13:00,GB,MIN,Home
2024,4,2024-09-29,Sunday,13:00,HOU,JAX,Home
2024,4,2024-09-29,Sunday,13:00,IND,PIT,Home
2024,4,2024-09-29,Sunday,13:00,NYJ,DEN,Home
2024,4,2024-09-29,Sunday,13:00,TB,PHI,Home
2024,4,2024-09-29,Sunday,16:05,ARI,WAS,Home
2024,4,2024-09-29,Sunday,16:05,SF,NE,Home
2024,4,2024-09-29,Sunday,16:25,LAC,KC,Home
2024,4,2024-09-29,Sunday,16:25,LV,CLE,Home
2024,4,2024-09-29,Sunday,20:20,BAL,BUF,Home
2024,4,2024-09-30,Monday,19:30,MIA,TEN,Home
2024,4,2024-09-30,Monday,20:15,DET,SEA,Home
2024,5,2024-10-03,Thursday,20:15,ATL,TB,Home
2024,5,2024-10-06,Sunday,09:30,MIN,NYJ,Neutral
2024,5,2024-10-06,Sunday,13:00,CHI,CAR,Home
2024,5,2024-10-06,Sunday,13:00,CIN,BAL,Home
2024,5,2024-10-06,Sunday,13:00,HOU,BUF,Home
2024,5,2024-10-06,Sunday,13:00,JAX,IND,Home
2024,5,2024-10-06,Sunday,13:00,NE,MIA,Home
2024,5,2024-10-06,Sunday,13:00,WAS,CLE,Home
2024,5,2024-10-06,Sunday,16:05,DEN,LV,Home
2024,5,2024-10-06,Sunday,16:05,SF,ARI,Home
2024,5,2024-10-06,Sunday,16:25,LA,GB,Home
2024,5,2024-10-06,Sunday,16:25,SEA,NYG,Home
2024,5,2024-10-06,Sunday,20:20,PIT,DAL,Home
2024,5,2024-10-07,Monday,20:15,KC,NO,Home
2024,6,2024-10-10,Thursday,20:15,SEA,SF,Home
2024,6,2024-10-13,Sunday,09:30,CHI,JAX,Neutral
2024,6,2024-10-13,Sunday,13:00,BAL,WAS,Home
2024,6,2024-10-13,Sunday,13:00,GB,ARI,Home
2024,6,2024-10-13,Sunday,13:00,NE,HOU,Home
2024,6,2024-10-13,Sunday,13:00,NO,TB,Home
2024,6,2024-10-13,Sunday,13:00,PHI,CLE,Home
2024,6,2024-10-13,Sunday,13:00,TEN,IND,Home
2024,6,2024-10-13,Sunday,16:05,DEN,LAC,Home
2024,6,2024-10-13,Sunday,16:05,LV,PIT,Home
2024,6,2024-10-13,Sunday,16:25,CAR,ATL,Home
2024,6,2024-10-13,Sunday,16:25,DAL,DET,Home
2024,6,2024-10-13,Sunday,20:20,NYG,CIN,Home
2024,6,2024-10-14,Monday,20:15,NYJ,BUF,Home
2024,7,2024-10-17,Thursday,20:15,NO,DEN,Home
2024,7,2024-10-20,Sunday,09:30,JAX,NE,Neutral
2024,7,2024-10-20,Sunday,13:00,ATL,SEA,Home
2024,7,2024-10-20,Sunday,13:00,BUF,TEN,Home
2024,7,2024-10-20,Sunday,13:00,CLE,CIN,Home
2024,7,2024-10-20,Sunday,13:00,GB,HOU,Home
2024,7,2024-10-20,Sunday,13:00,IND,MIA,Home
2024,7,2024-10-20,Sunday,13:00,MIN,DET,Home
2024,7,2024-10-20,Sunday,13:00,NYG,PHI,Home
2024,7,2024-10-20,Sunday,16:05,LA,LV,Home
2024,7,2024-10-20,Sunday,16:05,WAS,CAR,Home
2024,7,2024-10-20,Sunday,16:25,SF,KC,Home
2024,7,2024-10-20,Sunday,20:20,PIT,NYJ,Home
2024,7,2024-10-21,Monday,20:15,TB,BAL,Home
2024,7,2024-10-21,Monday,21:00,ARI,LAC,Home
2024,8,2024-10-24,Thursday,20:15,LA,MIN,Home
2024,8,2024-10-27,Sunday,13:00,CIN,PHI,Home
2024,8,2024-10-27,Sunday,13:00,CLE,BAL,Home
2024,8,2024-10-27,Sunday,13:00,DET,TEN,Home
2024,8,2024-10-27,Sunday,13:00,HOU,IND,Home
2024,8,2024-10-27,Sunday,13:00,JAX,GB,Home
2024,8,2024-10-27,Sunday,13:00,MIA,ARI,Home
2024,8,2024-10-27,Sunday,13:00,NE,NYJ,Home
2024,8,2024-10-27,Sunday,13:00,TB,ATL,Home
2024,8,2024-10-27,Sunday,16:05,LAC,NO,Home
2024,8,2024-10-27,Sunday,16:05,SEA,BUF,Home
2024,8,2024-10-27,Sunday,16:25,DEN,CAR,Home
2024,8,2024-10-27,Sunday,16:25,LV,KC,Home
2024,8,2024-10-27,Sunday,16:25,WAS,CHI,Home
2024,8,2024-10-27,Sunday,20:20,SF,DAL,Home
2024,8,2024-10-28,Monday,20:15,PIT,NYG,Home
2024,9,2024-10-31,Thursday,20:15,NYJ,HOU,Home
2024,9,2024-11-03,Sunday,13:00,ATL,DAL,Home
2024,9,2024-11-03,Sunday,13:00,BAL,DEN,Home
2024,9,2024-11-03,Sunday,13:00,BUF,MIA,Home
2024,9,2024-11-03,Sunday,13:00,CAR,NO,Home
2024,9,2024-11-03,Sunday,13:00,CIN,LV,Home
2024,9,2024-11-03,Sunday,13:00,CLE,LAC,Home
2024,9,2024-11-03,Sunday,13:00,NYG,WAS,Home
2024,9,2024-11-03,Sunday,13:00,TEN,NE,Home
2024,9,2024-11-03,Sunday,16:05,ARI,CHI,Home
2024,9,2024-11-03,Sunday,16:05,PHI,JAX,Home
2024,9,2024-11-03,Sunday,16:25,GB,DET,Home
2024,9,2024-11-03,Sunday,16:25,SEA,LA,Home
2024,9,2024-11-03,Sunday,20:20,MIN,IND,Home
2024,9,2024-11-04,Monday,20:15,KC,TB,Home
2024,10,2024-11-07,Thursday,20:15,BAL,CIN,Home
2024,10,2024-11-10,Sunday,09:30,CAR,NYG,Neutral
2024,10,2024-11-10,Sunday,13:00,CHI,NE,Home
2024,10,2024-11-10,Sunday,13:00,IND,BUF,Home
2024,10,2024-11-10,Sunday,13:00,JAX,MIN,Home
2024,10,2024-11-10,Sunday,13:00,KC,DEN,Home
2024,10,2024-11-10,Sunday,13:00,NO,ATL,Home
2024,10,2024-11-10,Sunday,13:00,TB,SF,Home
2024,10,2024-11-10,Sunday,13:00,WAS,PIT,Home
2024,10,2024-11-10,Sunday,16:05,LAC,TEN,Home
2024,10,2024-11-10,Sunday,16:25,ARI,NYJ,Home
2024,10,2024-11-10,Sunday,16:25,DAL,PHI,Home
2024,10,2024-11-10,Sunday,20:20,HOU,DET,Home
2024,10,2024-11-11,Monday,20:15,LA,MIA,Home
2024,11,2024-11-14,Thursday,20:15,PHI,WAS,Home
2024,11,2024-11-17,Sunday,13:00,CHI,GB,Home
2024,11,2024-11-17,Sunday,13:00,DET,JAX,Home
2024,11,2024-11-17,Sunday,13:00,MIA,LV,Home
2024,11,2024-11-17,Sunday,13:00,NE,LA,Home
2024,11,2024-11-17,Sunday,13:00,NO,CLE,Home
2024,11,2024-11-17,Sunday,13:00,NYJ,IND,Home
2024,11,2024-11-17,Sunday,13:00,PIT,BAL,Home
2024,11,2024-11-17,Sunday,13:00,TEN,MIN,Home
2024,11,2024-11-17,Sunday,16:05,DEN,ATL,Home
2024,11,2024-11-17,Sunday,16:05,SF,SEA,Home
2024,11,2024-11-17,Sunday,16:25,BUF,KC,Home
2024,11,2024-11-17,Sunday,20:20,LAC,CIN,Home
2024,11,2024-11-18,Monday,20:15,DAL,HOU,Home
2024,12,2024-11-21,Thursday,20:15,CLE,PIT,Home
2024,12,2024-11-24,Sunday,13:00,CAR,KC,Home
2024,12,2024-11-24,Sunday,13:00,CHI,MIN,Home
2024,12,2024-11-24,Sunday,13:00,HOU,TEN,Home
2024,12,2024-11-24,Sunday,13:00,IND,DET,Home
2024,12,2024-11-24,Sunday,13:00,MIA,NE,Home
2024,12,2024-11-24,Sunday,13:00,NYG,TB,Home
2024,12,2024-11-24,Sunday,13:00,WAS,DAL,Home
2024,12,2024-11-24,Sunday,16:05,LV,DEN,Home
2024,12,2024-11-24,Sunday,16:25,GB,SF,Home
2024,12,2024-11-24,Sunday,16:25,SEA,ARI,Home
2024,12,2024-11-24,Sunday,20:20,LA,PHI,Home
2024,12,2024-11-25,Monday,20:15,LAC,BAL,Home
2024,13,2024-11-28,Thursday,12:30,DET,CHI,Home
2024,13,2024-11-28,Thursday,16:30,DAL,NYG,Home
2024,13,2024-11-28,Thursday,20:20,GB,MIA,Home
2024,13,2024-11-29,Friday,15:00,KC,LV,Home
2024,13,2024-12-01,Sunday,13:00,ATL,LAC,Home
2024,13,2024-12-01,Sunday,13:00,CIN,PIT,Home
2024,13,2024-12-01,Sunday,13:00,JAX,HOU,Home
2024,13,2024-12-01,Sunday,13:00,MIN,ARI,Home
2024,13,2024-12-01,Sunday,13:00,NE,IND,Home
2024,13,2024-12-01,Sunday,13:00,NYJ,SEA,Home
2024,13,2024-12-01,Sunday,13:00,WAS,TEN,Home
2024,13,2024-12-01,Sunday,16:05,CAR,TB,Home
2024,13,2024-12-01,Sunday,16:05,NO,LA,Home
2024,13,2024-12-01,Sunday,16:25,BAL,PHI,Home
2024,13,2024-12-01,Sunday,20:20,BUF,SF,Home
2024,13,2024-12-02,Monday,20:15,DEN,CLE,Home
2024,14,2024-12-05,Thursday,20:15,DET,GB,Home
2024,14,2024-12-08,Sunday,13:00,MIA,NYJ,Home
2024,14,2024-12-08,Sunday,13:00,MIN,ATL,Home
2024,14,2024-12-08,Sunday,13:00,NYG,NO,Home
2024,14,2024-12-08,Sunday,13:00,PHI,CAR,Home
2024,14,2024-12-08,Sunday,13:00,PIT,CLE,Home
2024,14,2024-12-08,Sunday,13:00,TB,LV,Home
2024,14,2024-12-08,Sunday,13:00,TEN,JAX,Home
2024,14,2024-12-08,Sunday,16:05,ARI,SEA,Home
2024,14,2024-12-08,Sunday,16:25,LA,BUF,Home
2024,14,2024-12-08,Sunday,16:25,SF,CHI,Home
2024,14,2024-12-08,Sunday,20:20,KC,LAC,Home
2024,14,2024-12-09,Monday,20:15,DAL,CIN,Home
2024,15,2024-12-12,Thursday,20:15,SF,LA,Home
2024,15,2024-12-15,Sunday,13:00,CAR,DAL,Home
2024,15,2024-12-15,Sunday,13:00,CLE,KC,Home
2024,15,2024-12-15,Sunday,13:00,HOU,MIA,Home
2024,15,2024-12-15,Sunday,13:00,JAX,NYJ,Home
2024,15,2024-12-15,Sunday,13:00,NO,WAS,Home
2024,15,2024-12-15,Sunday,13:00,NYG,BAL,Home
2024,15,2024-12-15,Sunday,13:00,TEN,CIN,Home
2024,15,2024-12-15,Sunday,16:25,ARI,NE,Home
2024,15,2024-12-15,Sunday,16:25,DEN,IND,Home
2024,15,2024-12-15,Sunday,16:25,DET,BUF,Home
2024,15,2024-12-15,Sunday,16:25,LAC,TB,Home
2024,15,2024-12-15,Sunday,16:25,PHI,PIT,Home
2024,15,2024-12-15,Sunday,20:20,SEA,GB,Home
2024,15,2024-12-16,Monday,20:00,MIN,CHI,Home
2024,15,2024-12-16,Monday,20:30,LV,ATL,Home
2024,16,2024-12-19,Thursday,20:15,LAC,DEN,Home
2024,16,2024-12-21,Saturday,13:00,KC,HOU,Home
2024,16,2024-12-21,Saturday,16:30,BAL,PIT,Home
2024,16,2024-12-22,Sunday,13:00,ATL,NYG,Home
2024,16,2024-12-22,Sunday,13:00,CAR,ARI,Home
2024,16,2024-12-22,Sunday,13:00,CHI,DET,Home
2024,16,2024-12-22,Sunday,13:00,CIN,CLE,Home
2024,16,2024-12-22,Sunday,13:00,IND,TEN,Home
2024,16,2024-12-22,Sunday,13:00,NYJ,LA,Home
2024,16,2024-12-22,Sunday,13:00,WAS,PHI,Home
2024,16,2024-12-22,Sunday,16:05,SEA,MIN,Home
2024,16,2024-12-22,Sunday,16:25,BUF,NE,Home
2024,16,2024-12-22,Sunday,16:25,LV,JAX,Home
2024,16,2024-12-22,Sunday,16:25,MIA,SF,Home
2024,16,2024-12-22,Sunday,20:20,DAL,TB,Home
2024,16,2024-12-23,Monday,20:15,GB,NO,Home
2024,17,2024-12-25,Wednesday,13:00,PIT,KC,Home
2024,17,2024-12-25,Wednesday,16:30,HOU,BAL,Home
2024,17,2024-12-26,Thursday,20:15,CHI,SEA,Home
2024,17,2024-12-28,Saturday,13:00,NE,LAC,Home
2024,17,2024-12-28,Saturday,16:30,CIN,DEN,Home
2024,17,2024-12-28,Saturday,20:15,LA,ARI,Home
2024,17,2024-12-29,Sunday,13:00,BUF,NYJ,Home
2024,17,2024-12-29,Sunday,13:00,JAX,TEN,Home
2024,17,2024-12-29,Sunday,13:00,NO,LV,Home
2024,17,2024-12-29,Sunday,13:00,NYG,IND,Home
2024,17,2024-12-29,Sunday,13:00,PHI,DAL,Home
2024,17,2024-12-29,Sunday,13:00,TB,CAR,Home
2024,17,2024-12-29,Sunday,16:05,CLE,MIA,Home
2024,17,2024-12-29,Sunday,16:25,MIN,GB,Home
2024,17,2024-12-29,Sunday,20:20,WAS,ATL,Home
2024,17,2024-12-30,Monday,20:15,SF,DET,Home
2024,18,2025-01-04,Saturday,16:30,BAL,CLE,Home
2024,18,2025-01-04,Saturday,20:00,PIT,CIN,Home
2024,18,2025-01-05,Sunday,13:00,ATL,CAR,Home
2024,18,2025-01-05,Sunday,13:00,DAL,WAS,Home
2024,18,2025-01-05,Sunday,13:00,GB,CHI,Home
2024,18,2025-01-05,Sunday,13:00,IND,JAX,Home
2024,18,2025-01-05,Sunday,13:00,NE,BUF,Home
2024,18,2025-01-05,Sunday,13:00,PHI,NYG,Home
2024,18,2025-01-05,Sunday,13:00,TB,NO,Home
2024,18,2025-01-05,Sunday,13:00,TEN,HOU,Home
2024,18,2025-01-05,Sunday,16:25,ARI,SF,Home
2024,18,2025-01-05,Sunday,16:25,DEN,KC,Home
2024,18,2025-01-05,Sunday,16:25,LA,SEA,Home
2024,18,2025-01-05,Sunday,16:25,LV,LAC,Home
2024,18,2025-01-05,Sunday,16:25,NYJ,MIA,Home
2024,18,2025-01-05,Sunday,20:20,DET,MIN,Home
2024,19,2025-01-11,Saturday,16:30,HOU,LAC,Home
2024,19,2025-01-11,Saturday,20:00,BAL,PIT,Home
2024,19,2025-01-12,Sunday,13:00,BUF,DEN,Home
2024,19,2025-01-12,Sunday,16:30,PHI,GB,Home
2024,19,2025-01-12,Sunday,20:00,TB,WAS,Home
2024,19,2025-01-13,Monday,20:00,LA,MIN,Neutral
2024,20,2025-01-18,Saturday,16:30,KC,HOU,Home
2024,20,2025-01-18,Saturday,20:00,DET,WAS,Home
2024,20,2025-01-19,Sunday,15:00,PHI,LA,Home
2024,20,2025-01-19,Sunday,18:30,BUF,BAL,Home
2024,21,2025-01-26,Sunday,15:00,PHI,WAS,Home
2024,21,2025-01-26,Sunday,18:30,KC,BUF,Home
2024,22,2025-02-09,Sunday,18:30,PHI,KC,Neutral
